Model,Dep_Var,Variable,Coefficient,Std_Error,t_stat,p_value,Significance,R_Squared,Adj_R_Squared,Observations,Block/File
Model: Key Spec with CAR_2_3,CAR_2_3,const,-0.0015481014338694604,0.003947653239997518,-0.39215740080312467,0.6949419175037781,,0.016571945610373673,0.0036058556437761347,1000,short_window_pead_results.csv
Model: Key Spec with CAR_2_3,CAR_2_3,Z_Guidance_Surprise,-0.00228360689202896,0.0012301010857055732,-1.8564384005230812,0.06339109553395977,*,0.016571945610373673,0.0036058556437761347,1000,short_window_pead_results.csv
Model: Key Spec with CAR_2_3,CAR_2_3,Z_Disagreement_Gap,-0.0007424688222927163,0.0012754041396620351,-0.5821439645706815,0.5604697137522909,,0.016571945610373673,0.0036058556437761347,1000,short_window_pead_results.csv
Model: Key Spec with CAR_2_3,CAR_2_3,Std_Log_Market_Cap,0.0001944552740408149,0.0009830086697097226,0.1978164384839419,0.8431886842676696,,0.016571945610373673,0.0036058556437761347,1000,short_window_pead_results.csv
Model: Key Spec with CAR_2_3,CAR_2_3,Sector_Consumer Discretionary,0.006157345448676135,0.004438336850388326,1.3873091782426128,0.16534750559047762,,0.016571945610373673,0.0036058556437761347,1000,short_window_pead_results.csv
Model: Key Spec with CAR_2_3,CAR_2_3,Sector_Consumer Staples,0.003931113320711009,0.004567671922406945,0.8606382830226345,0.3894372941820059,,0.016571945610373673,0.0036058556437761347,1000,short_window_pead_results.csv
Model: Key Spec with CAR_2_3,CAR_2_3,Sector_Energy,0.0028907367286114365,0.0050919768701517204,0.5677042143605229,0.5702358294421671,,0.016571945610373673,0.0036058556437761347,1000,short_window_pead_results.csv
Model: Key Spec with CAR_2_3,CAR_2_3,Sector_Financials,0.0014272295372856647,0.004415221936916943,0.32325204886127856,0.7465043656075057,,0.016571945610373673,0.0036058556437761347,1000,short_window_pead_results.csv
Model: Key Spec with CAR_2_3,CAR_2_3,Sector_Health Care,0.005063611178339033,0.004171675711521917,1.2138074789355375,0.22482124971394146,,0.016571945610373673,0.0036058556437761347,1000,short_window_pead_results.csv
Model: Key Spec with CAR_2_3,CAR_2_3,Sector_Industrials,0.004157665311522588,0.004243552814595356,0.9797604726922768,0.3272043677580089,,0.016571945610373673,0.0036058556437761347,1000,short_window_pead_results.csv
Model: Key Spec with CAR_2_3,CAR_2_3,Sector_Information Technology,-0.0025881593171437002,0.004871354395674763,-0.531301791436424,0.5952096641977638,,0.016571945610373673,0.0036058556437761347,1000,short_window_pead_results.csv
Model: Key Spec with CAR_2_3,CAR_2_3,Sector_Materials,0.006332819734102987,0.004921664359719273,1.2867232040309642,0.19819078234080556,,0.016571945610373673,0.0036058556437761347,1000,short_window_pead_results.csv
Model: Key Spec with CAR_2_3,CAR_2_3,Sector_Real Estate,0.0045478590921632965,0.0051083572658946535,0.8902781961877535,0.37331652578807983,,0.016571945610373673,0.0036058556437761347,1000,short_window_pead_results.csv
Model: Key Spec with CAR_2_3,CAR_2_3,Sector_Utilities,-0.0006069106373476872,0.004550256361837699,-0.13337943823072335,0.8938933060201513,,0.016571945610373673,0.0036058556437761347,1000,short_window_pead_results.csv
Model: Key Spec with CAR_2_5,CAR_2_5,const,0.005389989606599711,0.0031212912112602168,1.7268461164902043,0.08419530372566546,*,0.01236435684982129,-0.000657208424978295,1000,short_window_pead_results.csv
Model: Key Spec with CAR_2_5,CAR_2_5,Z_Guidance_Surprise,-0.00045684620595849116,0.0019818674144921103,-0.2305130013329203,0.8176931618855756,,0.01236435684982129,-0.000657208424978295,1000,short_window_pead_results.csv
Model: Key Spec with CAR_2_5,CAR_2_5,Z_Disagreement_Gap,-0.00013933507019662405,0.0020278884861247098,-0.06870943404925241,0.9452209086679972,,0.01236435684982129,-0.000657208424978295,1000,short_window_pead_results.csv
Model: Key Spec with CAR_2_5,CAR_2_5,Std_Log_Market_Cap,0.00043946751615251236,0.00111958748886459,0.3925262835852074,0.6946693949132106,,0.01236435684982129,-0.000657208424978295,1000,short_window_pead_results.csv
Model: Key Spec with CAR_2_5,CAR_2_5,Sector_Consumer Discretionary,-0.0006277198806429471,0.004707518093996774,-0.1333441248889605,0.8939212325411589,,0.01236435684982129,-0.000657208424978295,1000,short_window_pead_results.csv
Model: Key Spec with CAR_2_5,CAR_2_5,Sector_Consumer Staples,0.0005682749891003163,0.0037650541141143667,0.15093408271875225,0.8800277143405523,,0.01236435684982129,-0.000657208424978295,1000,short_window_pead_results.csv
Model: Key Spec with CAR_2_5,CAR_2_5,Sector_Energy,-0.0004958338951003416,0.004957817194010403,-0.10001052392560265,0.9203359704521837,,0.01236435684982129,-0.000657208424978295,1000,short_window_pead_results.csv
Model: Key Spec with CAR_2_5,CAR_2_5,Sector_Financials,0.0012688863256363654,0.003786839545287483,0.33507792196144826,0.7375663068485667,,0.01236435684982129,-0.000657208424978295,1000,short_window_pead_results.csv
Model: Key Spec with CAR_2_5,CAR_2_5,Sector_Health Care,-3.1276274276054346e-06,0.0038152534840456553,-0.000819769234386212,0.9993459188577215,,0.01236435684982129,-0.000657208424978295,1000,short_window_pead_results.csv
Model: Key Spec with CAR_2_5,CAR_2_5,Sector_Industrials,0.003520166508400299,0.004181046659399112,0.8419342798978015,0.3998247409907254,,0.01236435684982129,-0.000657208424978295,1000,short_window_pead_results.csv
Model: Key Spec with CAR_2_5,CAR_2_5,Sector_Information Technology,-0.008971370179615233,0.004606049159608374,-1.9477365240231213,0.05144649743991509,*,0.01236435684982129,-0.000657208424978295,1000,short_window_pead_results.csv
Model: Key Spec with CAR_2_5,CAR_2_5,Sector_Materials,0.003344087837840689,0.005053084229320149,0.6617914299620944,0.508104899242748,,0.01236435684982129,-0.000657208424978295,1000,short_window_pead_results.csv
Model: Key Spec with CAR_2_5,CAR_2_5,Sector_Real Estate,0.0008143100245608268,0.004599069391904844,0.1770597386493348,0.859461466104126,,0.01236435684982129,-0.000657208424978295,1000,short_window_pead_results.csv
Model: Key Spec with CAR_2_5,CAR_2_5,Sector_Utilities,-0.003920519655353906,0.003718228546702208,-1.0544052379004822,0.2916974252050676,,0.01236435684982129,-0.000657208424978295,1000,short_window_pead_results.csv
Model: Key Spec with CAR_2_7,CAR_2_7,const,0.011010750064187636,0.0024323376113443915,4.526818157493285,5.987842233755879e-06,***,0.011544297058524555,-0.0014880803636247997,1000,short_window_pead_results.csv
Model: Key Spec with CAR_2_7,CAR_2_7,Z_Guidance_Surprise,2.3373363263591877e-05,0.0023718305288718466,0.009854567170407972,0.9921373202622826,,0.011544297058524555,-0.0014880803636247997,1000,short_window_pead_results.csv
Model: Key Spec with CAR_2_7,CAR_2_7,Z_Disagreement_Gap,-6.755418143555175e-05,0.0025221694409008656,-0.02678415666293333,0.9786318898368865,,0.011544297058524555,-0.0014880803636247997,1000,short_window_pead_results.csv
Model: Key Spec with CAR_2_7,CAR_2_7,Std_Log_Market_Cap,0.0006453113032509481,0.000995956618668953,0.6479311359096894,0.5170294914453213,,0.011544297058524555,-0.0014880803636247997,1000,short_window_pead_results.csv
Model: Key Spec with CAR_2_7,CAR_2_7,Sector_Consumer Discretionary,-0.0033842548026345653,0.004342579143080532,-0.7793190846105911,0.43579177524081436,,0.011544297058524555,-0.0014880803636247997,1000,short_window_pead_results.csv
Model: Key Spec with CAR_2_7,CAR_2_7,Sector_Consumer Staples,-0.004594838568936858,0.003580010988771735,-1.283470520997842,0.19932728097885788,,0.011544297058524555,-0.0014880803636247997,1000,short_window_pead_results.csv
Model: Key Spec with CAR_2_7,CAR_2_7,Sector_Energy,-0.0034656676255630054,0.006417220683373393,-0.5400574168412702,0.58915743632435,,0.011544297058524555,-0.0014880803636247997,1000,short_window_pead_results.csv
Model: Key Spec with CAR_2_7,CAR_2_7,Sector_Financials,0.00020383855640407778,0.0033026886830031603,0.06171897383277609,0.9507866298403924,,0.011544297058524555,-0.0014880803636247997,1000,short_window_pead_results.csv
Model: Key Spec with CAR_2_7,CAR_2_7,Sector_Health Care,-0.0028767668735804526,0.0035997991345812436,-0.7991464984656985,0.4242054703387629,,0.011544297058524555,-0.0014880803636247997,1000,short_window_pead_results.csv
Model: Key Spec with CAR_2_7,CAR_2_7,Sector_Industrials,0.0006608470856402909,0.004027652754813993,0.16407747287807348,0.8696701555008789,,0.011544297058524555,-0.0014880803636247997,1000,short_window_pead_results.csv
Model: Key Spec with CAR_2_7,CAR_2_7,Sector_Information Technology,-0.012143379228063779,0.0036469451824047787,-3.329739993529733,0.0008692711533174815,***,0.011544297058524555,-0.0014880803636247997,1000,short_window_pead_results.csv
Model: Key Spec with CAR_2_7,CAR_2_7,Sector_Materials,-0.0009357222904817671,0.005567725535509772,-0.16806185659007952,0.8665346165116581,,0.011544297058524555,-0.0014880803636247997,1000,short_window_pead_results.csv
Model: Key Spec with CAR_2_7,CAR_2_7,Sector_Real Estate,-0.005294996848767541,0.004842600239009384,-1.0934201849068386,0.27420935510816324,,0.011544297058524555,-0.0014880803636247997,1000,short_window_pead_results.csv
Model: Key Spec with CAR_2_7,CAR_2_7,Sector_Utilities,-0.005753777472564621,0.0033666134883117375,-1.7090698093323387,0.08743801914303509,*,0.011544297058524555,-0.0014880803636247997,1000,short_window_pead_results.csv
Model: Key Spec with CAR_2_10,CAR_2_10,const,0.012761414335103319,0.005051040528117542,2.5264921681116137,0.011520795713177509,**,0.01328391917071814,0.00027447794274582105,1000,short_window_pead_results.csv
Model: Key Spec with CAR_2_10,CAR_2_10,Z_Guidance_Surprise,-0.0017668628924123032,0.002462165018368033,-0.7176053916903635,0.47300063224209665,,0.01328391917071814,0.00027447794274582105,1000,short_window_pead_results.csv
Model: Key Spec with CAR_2_10,CAR_2_10,Z_Disagreement_Gap,-0.001609522201671141,0.0025885450217817186,-0.6217864430124119,0.5340823018909968,,0.01328391917071814,0.00027447794274582105,1000,short_window_pead_results.csv
Model: Key Spec with CAR_2_10,CAR_2_10,Std_Log_Market_Cap,0.0021008693177391826,0.0015852828369656527,1.3252331185016801,0.18509384399595963,,0.01328391917071814,0.00027447794274582105,1000,short_window_pead_results.csv
Model: Key Spec with CAR_2_10,CAR_2_10,Sector_Consumer Discretionary,0.0017705858489853355,0.007017624579824868,0.2523055813039121,0.800804874405982,,0.01328391917071814,0.00027447794274582105,1000,short_window_pead_results.csv
Model: Key Spec with CAR_2_10,CAR_2_10,Sector_Consumer Staples,-0.005601176250308178,0.005796036527169247,-0.9663804263572788,0.3338538548243214,,0.01328391917071814,0.00027447794274582105,1000,short_window_pead_results.csv
Model: Key Spec with CAR_2_10,CAR_2_10,Sector_Energy,-0.0012588689086979006,0.008602408368962325,-0.14633912442937802,0.8836536814642489,,0.01328391917071814,0.00027447794274582105,1000,short_window_pead_results.csv
Model: Key Spec with CAR_2_10,CAR_2_10,Sector_Financials,0.004148056106955053,0.005726895503966116,0.7243114710373796,0.46887453617447616,,0.01328391917071814,0.00027447794274582105,1000,short_window_pead_results.csv
Model: Key Spec with CAR_2_10,CAR_2_10,Sector_Health Care,-0.005465648154692896,0.005888868379864552,-0.9281321643019315,0.35333901702959725,,0.01328391917071814,0.00027447794274582105,1000,short_window_pead_results.csv
Model: Key Spec with CAR_2_10,CAR_2_10,Sector_Industrials,0.0017130493021442288,0.006053407854030316,0.282989242332927,0.7771850834660428,,0.01328391917071814,0.00027447794274582105,1000,short_window_pead_results.csv
Model: Key Spec with CAR_2_10,CAR_2_10,Sector_Information Technology,-0.011553156912999539,0.006467313801238827,-1.7863918882034933,0.07403582811390676,*,0.01328391917071814,0.00027447794274582105,1000,short_window_pead_results.csv
Model: Key Spec with CAR_2_10,CAR_2_10,Sector_Materials,0.004272293074571051,0.007626382057175932,0.5601991930827934,0.5753435773525548,,0.01328391917071814,0.00027447794274582105,1000,short_window_pead_results.csv
Model: Key Spec with CAR_2_10,CAR_2_10,Sector_Real Estate,7.738740253067887e-05,0.0065707319102028625,0.01177759244910201,0.9906030580662085,,0.01328391917071814,0.00027447794274582105,1000,short_window_pead_results.csv
Model: Key Spec with CAR_2_10,CAR_2_10,Sector_Utilities,-0.0009059681954565507,0.0058231037004319326,-0.15558166951231694,0.8763627745903841,,0.01328391917071814,0.00027447794274582105,1000,short_window_pead_results.csv
Model: Key Spec with CAR_2_15,CAR_2_15,const,0.021614517568284957,0.006409097044233248,3.3724746901333287,0.0007449593298543453,***,0.010444557547160671,-0.0026023194831505947,1000,short_window_pead_results.csv
Model: Key Spec with CAR_2_15,CAR_2_15,Z_Guidance_Surprise,-0.00251158140147847,0.0028538673828850027,-0.880062408134567,0.37882550225138634,,0.010444557547160671,-0.0026023194831505947,1000,short_window_pead_results.csv
Model: Key Spec with CAR_2_15,CAR_2_15,Z_Disagreement_Gap,-0.0017502637886426154,0.003029143743603676,-0.5778080991826364,0.5633936865747751,,0.010444557547160671,-0.0026023194831505947,1000,short_window_pead_results.csv
Model: Key Spec with CAR_2_15,CAR_2_15,Std_Log_Market_Cap,0.0008904457542509394,0.0019527178156141158,0.45600329301594483,0.6483876102201256,,0.010444557547160671,-0.0026023194831505947,1000,short_window_pead_results.csv
Model: Key Spec with CAR_2_15,CAR_2_15,Sector_Consumer Discretionary,0.001694430881488972,0.008590161563165154,0.19725250439464811,0.8436299450671243,,0.010444557547160671,-0.0026023194831505947,1000,short_window_pead_results.csv
Model: Key Spec with CAR_2_15,CAR_2_15,Sector_Consumer Staples,-0.016343535412373267,0.007809259427845068,-2.092840628920327,0.03636338361407424,**,0.010444557547160671,-0.0026023194831505947,1000,short_window_pead_results.csv
Model: Key Spec with CAR_2_15,CAR_2_15,Sector_Energy,-0.0035415048166098544,0.009799516227892392,-0.3613958826385387,0.7178035254959085,,0.010444557547160671,-0.0026023194831505947,1000,short_window_pead_results.csv
Model: Key Spec with CAR_2_15,CAR_2_15,Sector_Financials,-0.002912556027634113,0.007274551848701101,-0.4003760077885981,0.6888795927293949,,0.010444557547160671,-0.0026023194831505947,1000,short_window_pead_results.csv
Model: Key Spec with CAR_2_15,CAR_2_15,Sector_Health Care,-0.007689805545990519,0.007229428034938701,-1.0636810420999954,0.28747321542979964,,0.010444557547160671,-0.0026023194831505947,1000,short_window_pead_results.csv
Model: Key Spec with CAR_2_15,CAR_2_15,Sector_Industrials,0.001839874226277783,0.007553137930900671,0.24359070933296034,0.8075478244704916,,0.010444557547160671,-0.0026023194831505947,1000,short_window_pead_results.csv
Model: Key Spec with CAR_2_15,CAR_2_15,Sector_Information Technology,-0.0065375978920057904,0.007969154716243789,-0.8203627768300182,0.4120093287604525,,0.010444557547160671,-0.0026023194831505947,1000,short_window_pead_results.csv
Model: Key Spec with CAR_2_15,CAR_2_15,Sector_Materials,0.0018196557027135496,0.010945897681263745,0.16624088363517972,0.8679673865662676,,0.010444557547160671,-0.0026023194831505947,1000,short_window_pead_results.csv
Model: Key Spec with CAR_2_15,CAR_2_15,Sector_Real Estate,-0.004395751776932654,0.008950134578532493,-0.49113806483716616,0.6233288006760327,,0.010444557547160671,-0.0026023194831505947,1000,short_window_pead_results.csv
Model: Key Spec with CAR_2_15,CAR_2_15,Sector_Utilities,-0.0037744275827918724,0.007166734057827192,-0.526659361479949,0.5984301612193255,,0.010444557547160671,-0.0026023194831505947,1000,short_window_pead_results.csv
Model 1: Guidance Surprise Only,CAR_0_1,const,0.01325255477805087,0.004498952405878985,2.945697927529342,0.0032222691547716836,***,0.010886803402643919,-0.0011388889572021554,1000,immediate_reaction_regression_results.csv
Model 1: Guidance Surprise Only,CAR_0_1,Z_Guidance_Surprise,-0.0011030989444984548,0.001752076041597495,-0.6295953590534115,0.5289593607665766,,0.010886803402643919,-0.0011388889572021554,1000,immediate_reaction_regression_results.csv
Model 1: Guidance Surprise Only,CAR_0_1,Std_Log_Market_Cap,0.0007228655465818518,0.0018977825820582406,0.38090008487582794,0.7032773895047209,,0.010886803402643919,-0.0011388889572021554,1000,immediate_reaction_regression_results.csv
Model 1: Guidance Surprise Only,CAR_0_1,Sector_Consumer Discretionary,-0.020371165191195195,0.007131369298810806,-2.8565573226718457,0.004282626654692725,***,0.010886803402643919,-0.0011388889572021554,1000,immediate_reaction_regression_results.csv
Model 1: Guidance Surprise Only,CAR_0_1,Sector_Consumer Staples,-0.012504475054493654,0.007037657278660832,-1.7767951122611472,0.07560195636713807,*,0.010886803402643919,-0.0011388889572021554,1000,immediate_reaction_regression_results.csv
Model 1: Guidance Surprise Only,CAR_0_1,Sector_Energy,-0.01221924718279314,0.005602576884670524,-2.1810048187338227,0.02918306006956521,**,0.010886803402643919,-0.0011388889572021554,1000,immediate_reaction_regression_results.csv
Model 1: Guidance Surprise Only,CAR_0_1,Sector_Financials,-0.010780435033396131,0.0053783469265706865,-2.004414215107149,0.045025707835652955,**,0.010886803402643919,-0.0011388889572021554,1000,immediate_reaction_regression_results.csv
Model 1: Guidance Surprise Only,CAR_0_1,Sector_Health Care,-0.017295772507575625,0.008409109321799748,-2.056790064880964,0.03970642417139638,**,0.010886803402643919,-0.0011388889572021554,1000,immediate_reaction_regression_results.csv
Model 1: Guidance Surprise Only,CAR_0_1,Sector_Industrials,-0.011130489260359429,0.006749681608073787,-1.649039155720388,0.09913961323670455,*,0.010886803402643919,-0.0011388889572021554,1000,immediate_reaction_regression_results.csv
Model 1: Guidance Surprise Only,CAR_0_1,Sector_Information Technology,-0.012025521143252695,0.007668248876218348,-1.5682225938894105,0.11682919328791627,,0.010886803402643919,-0.0011388889572021554,1000,immediate_reaction_regression_results.csv
Model 1: Guidance Surprise Only,CAR_0_1,Sector_Materials,-0.018018992394214554,0.0063638496150903116,-2.8314610627326777,0.004633587482442401,***,0.010886803402643919,-0.0011388889572021554,1000,immediate_reaction_regression_results.csv
Model 1: Guidance Surprise Only,CAR_0_1,Sector_Real Estate,0.006712334949138116,0.007708891007520825,0.8707264044321725,0.38390355772210705,,0.010886803402643919,-0.0011388889572021554,1000,immediate_reaction_regression_results.csv
Model 1: Guidance Surprise Only,CAR_0_1,Sector_Utilities,-0.00031411620436937876,0.006295277737115429,-0.049897116137930804,0.960204375431389,,0.010886803402643919,-0.0011388889572021554,1000,immediate_reaction_regression_results.csv
Model 2: Pure Predictive Gap,CAR_0_1,const,0.014492525519352449,0.004159278664365658,3.484384358161956,0.0004932705689458752,***,0.017616555450529425,0.005672683784274546,1000,immediate_reaction_regression_results.csv
Model 2: Pure Predictive Gap,CAR_0_1,Z_Disagreement_Gap,0.005701892380336796,0.0018018790277202425,3.1644146430578606,0.001553952355989155,***,0.017616555450529425,0.005672683784274546,1000,immediate_reaction_regression_results.csv
Model 2: Pure Predictive Gap,CAR_0_1,Std_Log_Market_Cap,0.00016799653050065524,0.0019118663601931092,0.08787043592507515,0.9299796544029068,,0.017616555450529425,0.005672683784274546,1000,immediate_reaction_regression_results.csv
Model 2: Pure Predictive Gap,CAR_0_1,Sector_Consumer Discretionary,-0.022806109199071205,0.006825046527549864,-3.341531681434326,0.0008331750744393053,***,0.017616555450529425,0.005672683784274546,1000,immediate_reaction_regression_results.csv
Model 2: Pure Predictive Gap,CAR_0_1,Sector_Consumer Staples,-0.0138998293799369,0.006782222879493942,-2.049450398034404,0.04041809341206189,**,0.017616555450529425,0.005672683784274546,1000,immediate_reaction_regression_results.csv
Model 2: Pure Predictive Gap,CAR_0_1,Sector_Energy,-0.015658469151168815,0.005314505602109064,-2.9463642196472133,0.0032153354973814244,***,0.017616555450529425,0.005672683784274546,1000,immediate_reaction_regression_results.csv
Model 2: Pure Predictive Gap,CAR_0_1,Sector_Financials,-0.012712159031705363,0.005156176747451247,-2.465423443443656,0.01368514162158195,**,0.017616555450529425,0.005672683784274546,1000,immediate_reaction_regression_results.csv
Model 2: Pure Predictive Gap,CAR_0_1,Sector_Health Care,-0.0173047005156987,0.008128285024458911,-2.128948537560744,0.033258518383275676,**,0.017616555450529425,0.005672683784274546,1000,immediate_reaction_regression_results.csv
Model 2: Pure Predictive Gap,CAR_0_1,Sector_Industrials,-0.013124916994598555,0.006484877742372418,-2.0239266669346576,0.04297769766262636,**,0.017616555450529425,0.005672683784274546,1000,immediate_reaction_regression_results.csv
Model 2: Pure Predictive Gap,CAR_0_1,Sector_Information Technology,-0.01263097528178006,0.007385584766423681,-1.710220068044301,0.08722518610312513,*,0.017616555450529425,0.005672683784274546,1000,immediate_reaction_regression_results.csv
Model 2: Pure Predictive Gap,CAR_0_1,Sector_Materials,-0.019141488453389442,0.0064135459292614695,-2.9845406370378353,0.0028400447434602646,***,0.017616555450529425,0.005672683784274546,1000,immediate_reaction_regression_results.csv
Model 2: Pure Predictive Gap,CAR_0_1,Sector_Real Estate,0.009113486961224488,0.007344196596568793,1.2409099949043176,0.21463900005720182,,0.017616555450529425,0.005672683784274546,1000,immediate_reaction_regression_results.csv
Model 2: Pure Predictive Gap,CAR_0_1,Sector_Utilities,-0.001908515198489693,0.0058386490846453545,-0.3268761610470409,0.743761552251767,,0.017616555450529425,0.005672683784274546,1000,immediate_reaction_regression_results.csv
Model 3: Key Specification,CAR_0_1,const,0.01641120082785649,0.004161351465359238,3.9437189971743365,8.022765957178359e-05,***,0.027665217768213957,0.014845387982196478,1000,immediate_reaction_regression_results.csv
Model 3: Key Specification,CAR_0_1,Z_Guidance_Surprise,0.012685217067077051,0.003861063466990519,3.2854205002137564,0.0010183027431698896,***,0.027665217768213957,0.014845387982196478,1000,immediate_reaction_regression_results.csv
Model 3: Key Specification,CAR_0_1,Z_Disagreement_Gap,0.016337075893247323,0.004095163478027832,3.9893586619684855,6.625218153369686e-05,***,0.027665217768213957,0.014845387982196478,1000,immediate_reaction_regression_results.csv
Model 3: Key Specification,CAR_0_1,Std_Log_Market_Cap,0.00047667868218250896,0.001918754235588132,0.24843133807410125,0.8038006891417471,,0.027665217768213957,0.014845387982196478,1000,immediate_reaction_regression_results.csv
Model 3: Key Specification,CAR_0_1,Sector_Consumer Discretionary,-0.024496913558002428,0.006933666222501695,-3.533039054937929,0.00041081177915924973,***,0.027665217768213957,0.014845387982196478,1000,immediate_reaction_regression_results.csv
Model 3: Key Specification,CAR_0_1,Sector_Consumer Staples,-0.015442328277509057,0.00693623615984724,-2.2263267745844963,0.025992301318010367,**,0.027665217768213957,0.014845387982196478,1000,immediate_reaction_regression_results.csv
Model 3: Key Specification,CAR_0_1,Sector_Energy,-0.01716860593482959,0.005474403793507289,-3.1361599513707357,0.0017117581689192502,***,0.027665217768213957,0.014845387982196478,1000,immediate_reaction_regression_results.csv
Model 3: Key Specification,CAR_0_1,Sector_Financials,-0.0161958091259419,0.005258469281821916,-3.0799474634052624,0.002070371116612811,***,0.027665217768213957,0.014845387982196478,1000,immediate_reaction_regression_results.csv
Model 3: Key Specification,CAR_0_1,Sector_Health Care,-0.021151697659104688,0.008176930563478832,-2.586752754582009,0.009688508409218727,***,0.027665217768213957,0.014845387982196478,1000,immediate_reaction_regression_results.csv
Model 3: Key Specification,CAR_0_1,Sector_Industrials,-0.013325081285299217,0.006419969526152119,-2.075567684709207,0.03793395279787785,**,0.027665217768213957,0.014845387982196478,1000,immediate_reaction_regression_results.csv
Model 3: Key Specification,CAR_0_1,Sector_Information Technology,-0.014167876488306677,0.007418630884784865,-1.9097697012212969,0.05616287203674642,*,0.027665217768213957,0.014845387982196478,1000,immediate_reaction_regression_results.csv
Model 3: Key Specification,CAR_0_1,Sector_Materials,-0.021236752501164354,0.006484311150068437,-3.275097694986493,0.0010562543913974986,***,0.027665217768213957,0.014845387982196478,1000,immediate_reaction_regression_results.csv
Model 3: Key Specification,CAR_0_1,Sector_Real Estate,0.005923957920961917,0.007139697472709325,0.8297211392507269,0.4066964666917695,,0.027665217768213957,0.014845387982196478,1000,immediate_reaction_regression_results.csv
Model 3: Key Specification,CAR_0_1,Sector_Utilities,-0.0021483925266819175,0.005866517048796832,-0.36621261113057413,0.7142064325468442,,0.027665217768213957,0.014845387982196478,1000,immediate_reaction_regression_results.csv
Model 4: Diagnostic (Old Surprise),CAR_0_1,const,0.014338368519553566,0.0042813804795067325,3.349005907834083,0.0008110206635231235,***,0.030126854821907467,0.017339480696841325,1000,immediate_reaction_regression_results.csv
Model 4: Diagnostic (Old Surprise),CAR_0_1,Std_Surprise_EPS_Win,2.5132505890933916,0.7211743385636428,3.4849417882769,0.0004922441175922694,***,0.030126854821907467,0.017339480696841325,1000,immediate_reaction_regression_results.csv
Model 4: Diagnostic (Old Surprise),CAR_0_1,Z_Disagreement_Gap,0.0010589045117495833,0.0020501451710180033,0.5165022100477803,0.6055036957746668,,0.030126854821907467,0.017339480696841325,1000,immediate_reaction_regression_results.csv
Model 4: Diagnostic (Old Surprise),CAR_0_1,Std_Log_Market_Cap,0.0005571773568931313,0.0019152571397844632,0.29091517025010766,0.7711161986884163,,0.030126854821907467,0.017339480696841325,1000,immediate_reaction_regression_results.csv
Model 4: Diagnostic (Old Surprise),CAR_0_1,Sector_Consumer Discretionary,-0.024359574796846743,0.00701262374474891,-3.4736748588696664,0.0005133827290421518,***,0.030126854821907467,0.017339480696841325,1000,immediate_reaction_regression_results.csv
Model 4: Diagnostic (Old Surprise),CAR_0_1,Sector_Consumer Staples,-0.015236394168361027,0.007071212909151865,-2.1547073131741565,0.031184745162699316,**,0.030126854821907467,0.017339480696841325,1000,immediate_reaction_regression_results.csv
Model 4: Diagnostic (Old Surprise),CAR_0_1,Sector_Energy,-0.017175251921885577,0.005606470087531006,-3.063469822140666,0.002187862705494332,***,0.030126854821907467,0.017339480696841325,1000,immediate_reaction_regression_results.csv
Model 4: Diagnostic (Old Surprise),CAR_0_1,Sector_Financials,-0.016119943220032337,0.005346716546450909,-3.0149238471847877,0.002570437852258993,***,0.030126854821907467,0.017339480696841325,1000,immediate_reaction_regression_results.csv
Model 4: Diagnostic (Old Surprise),CAR_0_1,Sector_Health Care,-0.020749887897167925,0.008210791199252,-2.5271484067282373,0.011499289909672413,**,0.030126854821907467,0.017339480696841325,1000,immediate_reaction_regression_results.csv
Model 4: Diagnostic (Old Surprise),CAR_0_1,Sector_Industrials,-0.012775292928507147,0.006529474880005685,-1.9565574817704212,0.0503995180444423,*,0.030126854821907467,0.017339480696841325,1000,immediate_reaction_regression_results.csv
Model 4: Diagnostic (Old Surprise),CAR_0_1,Sector_Information Technology,-0.013554313279114924,0.007327655104367526,-1.8497477141133598,0.06434991997917186,*,0.030126854821907467,0.017339480696841325,1000,immediate_reaction_regression_results.csv
Model 4: Diagnostic (Old Surprise),CAR_0_1,Sector_Materials,-0.02104852147477094,0.006753298011001796,-3.1167766386853946,0.0018284004485125808,***,0.030126854821907467,0.017339480696841325,1000,immediate_reaction_regression_results.csv
Model 4: Diagnostic (Old Surprise),CAR_0_1,Sector_Real Estate,0.006853773391442651,0.007193859650918613,0.9527254803431515,0.34072917970480143,,0.030126854821907467,0.017339480696841325,1000,immediate_reaction_regression_results.csv
Model 4: Diagnostic (Old Surprise),CAR_0_1,Sector_Utilities,-0.0013750466194422037,0.006003421756964574,-0.22904381452910771,0.8188348620878012,,0.030126854821907467,0.017339480696841325,1000,immediate_reaction_regression_results.csv
Model 5: Interaction,CAR_0_1,const,0.01643689383447527,0.004311601228383469,3.8122481565016826,0.00013770851397005364,***,0.027666036220866497,0.013846061101163043,1000,immediate_reaction_regression_results.csv
Model 5: Interaction,CAR_0_1,Z_Guidance_Surprise,0.012738784454752617,0.004524211603612288,2.8156915659253268,0.004867236966714129,***,0.027666036220866497,0.013846061101163043,1000,immediate_reaction_regression_results.csv
Model 5: Interaction,CAR_0_1,Z_Disagreement_Gap,0.016329576383915072,0.004100662870420877,3.982179686534208,6.828612115720066e-05,***,0.027666036220866497,0.013846061101163043,1000,immediate_reaction_regression_results.csv
Model 5: Interaction,CAR_0_1,Z_Interaction,2.660138972549039e-05,0.000840535735209911,0.031648136552870174,0.9747526551791855,,0.027666036220866497,0.013846061101163043,1000,immediate_reaction_regression_results.csv
Model 5: Interaction,CAR_0_1,Std_Log_Market_Cap,0.0004763279555917362,0.0019185114654886632,0.24827996296097762,0.8039178009765254,,0.027666036220866497,0.013846061101163043,1000,immediate_reaction_regression_results.csv
Model 5: Interaction,CAR_0_1,Sector_Consumer Discretionary,-0.02449749775194422,0.006937332468850099,-3.531256122139525,0.0004135910588796286,***,0.027666036220866497,0.013846061101163043,1000,immediate_reaction_regression_results.csv
Model 5: Interaction,CAR_0_1,Sector_Consumer Staples,-0.01544085039254922,0.006941655778063377,-2.22437569453451,0.02612317774671125,**,0.027666036220866497,0.013846061101163043,1000,immediate_reaction_regression_results.csv
Model 5: Interaction,CAR_0_1,Sector_Energy,-0.01716058758250673,0.0054831438424469605,-3.129698595477386,0.0017498574545089863,***,0.027666036220866497,0.013846061101163043,1000,immediate_reaction_regression_results.csv
Model 5: Interaction,CAR_0_1,Sector_Financials,-0.016183797915499783,0.005264580288293954,-3.0740908162204748,0.0021114514673258016,***,0.027666036220866497,0.013846061101163043,1000,immediate_reaction_regression_results.csv
Model 5: Interaction,CAR_0_1,Sector_Health Care,-0.021175198678345844,0.008342688487744434,-2.5381744397447665,0.011143242631800571,**,0.027666036220866497,0.013846061101163043,1000,immediate_reaction_regression_results.csv
Model 5: Interaction,CAR_0_1,Sector_Industrials,-0.013325360805870096,0.006421872716483661,-2.0749960944673607,0.0379868967372479,**,0.027666036220866497,0.013846061101163043,1000,immediate_reaction_regression_results.csv
Model 5: Interaction,CAR_0_1,Sector_Information Technology,-0.014181223427737404,0.007438089305385272,-1.9065680506780172,0.05657654565301699,*,0.027666036220866497,0.013846061101163043,1000,immediate_reaction_regression_results.csv
Model 5: Interaction,CAR_0_1,Sector_Materials,-0.021207290725233682,0.006443502893003706,-3.291267355254912,0.0009973707465380734,***,0.027666036220866497,0.013846061101163043,1000,immediate_reaction_regression_results.csv
Model 5: Interaction,CAR_0_1,Sector_Real Estate,0.005875352694067899,0.007521567876583329,0.7811340388696694,0.434723663762406,,0.027666036220866497,0.013846061101163043,1000,immediate_reaction_regression_results.csv
Model 5: Interaction,CAR_0_1,Sector_Utilities,-0.0021391749763229866,0.005895703084850844,-0.362836280174904,0.7167271884133366,,0.027666036220866497,0.013846061101163043,1000,immediate_reaction_regression_results.csv
Model: Key Specification with BHAR_2_60,BHAR_2_60,const,-0.011972587697017681,0.014034440449840868,-0.8530862159989737,0.39361149476222357,,0.0394250077775713,0.026760225932853654,1000,bhar_robustness_results.csv
Model: Key Specification with BHAR_2_60,BHAR_2_60,Z_Guidance_Surprise,0.003842801178376399,0.005084007694117629,0.7558606142202837,0.449732770235448,,0.0394250077775713,0.026760225932853654,1000,bhar_robustness_results.csv
Model: Key Specification with BHAR_2_60,BHAR_2_60,Z_Disagreement_Gap,0.005825018020131285,0.004840478797338147,1.2033970737222421,0.22882269974774705,,0.0394250077775713,0.026760225932853654,1000,bhar_robustness_results.csv
Model: Key Specification with BHAR_2_60,BHAR_2_60,Std_Log_Market_Cap,0.002117364516523992,0.0035957727091292763,0.5888482637259673,0.555963066147214,,0.0394250077775713,0.026760225932853654,1000,bhar_robustness_results.csv
Model: Key Specification with BHAR_2_60,BHAR_2_60,Sector_Consumer Discretionary,0.012656892271961047,0.018087577669802235,0.6997560703273228,0.48407965345063675,,0.0394250077775713,0.026760225932853654,1000,bhar_robustness_results.csv
Model: Key Specification with BHAR_2_60,BHAR_2_60,Sector_Consumer Staples,-0.03739262010919572,0.018339485871055133,-2.038913215566844,0.041458689710324806,**,0.0394250077775713,0.026760225932853654,1000,bhar_robustness_results.csv
Model: Key Specification with BHAR_2_60,BHAR_2_60,Sector_Energy,-0.024738142945955024,0.020028901228777506,-1.2351223196613144,0.2167849838384297,,0.0394250077775713,0.026760225932853654,1000,bhar_robustness_results.csv
Model: Key Specification with BHAR_2_60,BHAR_2_60,Sector_Financials,0.01594608719988589,0.015037354705321724,1.0604316724830973,0.28894825949508574,,0.0394250077775713,0.026760225932853654,1000,bhar_robustness_results.csv
Model: Key Specification with BHAR_2_60,BHAR_2_60,Sector_Health Care,-0.04187344634339653,0.01570421175337957,-2.666383197130878,0.007667224407375559,***,0.0394250077775713,0.026760225932853654,1000,bhar_robustness_results.csv
Model: Key Specification with BHAR_2_60,BHAR_2_60,Sector_Industrials,-0.002141559749390806,0.016836031304086396,-0.12720098405085598,0.8987813265490492,,0.0394250077775713,0.026760225932853654,1000,bhar_robustness_results.csv
Model: Key Specification with BHAR_2_60,BHAR_2_60,Sector_Information Technology,-0.009044583949825363,0.015392058949620157,-0.587613650612257,0.5567916464088907,,0.0394250077775713,0.026760225932853654,1000,bhar_robustness_results.csv
Model: Key Specification with BHAR_2_60,BHAR_2_60,Sector_Materials,-0.018241748886712303,0.021678104092602013,-0.8414826688159313,0.4000775902348448,,0.0394250077775713,0.026760225932853654,1000,bhar_robustness_results.csv
Model: Key Specification with BHAR_2_60,BHAR_2_60,Sector_Real Estate,-0.014583557231550014,0.0189039118998093,-0.7714571094513581,0.44043603565292644,,0.0394250077775713,0.026760225932853654,1000,bhar_robustness_results.csv
Model: Key Specification with BHAR_2_60,BHAR_2_60,Sector_Utilities,-0.003120258992200569,0.015768371262739566,-0.19788086798626411,0.8431382733263496,,0.0394250077775713,0.026760225932853654,1000,bhar_robustness_results.csv
Model 1: Asymmetry (No Beat Dummy),CAR_0_1,const,0.02899531462752501,0.006158504202548131,4.70817485446027,2.499446583790584e-06,***,0.03886543956734512,0.024213998097335265,1000,asymmetry_results.csv
Model 1: Asymmetry (No Beat Dummy),CAR_0_1,Z_Guidance_Surprise,0.013065116779571529,0.004029238871117722,3.242576873072613,0.001184539875786852,***,0.03886543956734512,0.024213998097335265,1000,asymmetry_results.csv
Model 1: Asymmetry (No Beat Dummy),CAR_0_1,Z_Disagreement_Gap,0.0067777089463443695,0.005796431199949196,1.169289984224047,0.24228681711065703,,0.03886543956734512,0.024213998097335265,1000,asymmetry_results.csv
Model 1: Asymmetry (No Beat Dummy),CAR_0_1,Negative_Gap_Dummy,-0.019474354494544318,0.005677873552126334,-3.4298675931680926,0.0006038758497323467,***,0.03886543956734512,0.024213998097335265,1000,asymmetry_results.csv
Model 1: Asymmetry (No Beat Dummy),CAR_0_1,Int_Gap_Neg,0.007354198304035619,0.00644746489263333,1.1406340982854042,0.25402222137771946,,0.03886543956734512,0.024213998097335265,1000,asymmetry_results.csv
Model 1: Asymmetry (No Beat Dummy),CAR_0_1,Std_Log_Market_Cap,-0.000779443126871641,0.0020352350679606586,-0.3829744972174918,0.7017386734287319,,0.03886543956734512,0.024213998097335265,1000,asymmetry_results.csv
Model 1: Asymmetry (No Beat Dummy),CAR_0_1,Sector_Consumer Discretionary,-0.025773737517183412,0.006985953285298784,-3.689365855254368,0.00022481372979654509,***,0.03886543956734512,0.024213998097335265,1000,asymmetry_results.csv
Model 1: Asymmetry (No Beat Dummy),CAR_0_1,Sector_Consumer Staples,-0.014392262799040803,0.007100383826388452,-2.0269696893782294,0.042665512585291526,**,0.03886543956734512,0.024213998097335265,1000,asymmetry_results.csv
Model 1: Asymmetry (No Beat Dummy),CAR_0_1,Sector_Energy,-0.01905148363588249,0.00523316404963859,-3.6405286467559166,0.0002720788324159306,***,0.03886543956734512,0.024213998097335265,1000,asymmetry_results.csv
Model 1: Asymmetry (No Beat Dummy),CAR_0_1,Sector_Financials,-0.01574011628546806,0.004951196605505828,-3.179052972359195,0.0014775708557092705,***,0.03886543956734512,0.024213998097335265,1000,asymmetry_results.csv
Model 1: Asymmetry (No Beat Dummy),CAR_0_1,Sector_Health Care,-0.018270047611286745,0.008197215202741833,-2.228811512131061,0.025826448651973692,**,0.03886543956734512,0.024213998097335265,1000,asymmetry_results.csv
Model 1: Asymmetry (No Beat Dummy),CAR_0_1,Sector_Industrials,-0.014650202640450402,0.006366850521061803,-2.3010125009197138,0.021390924489079366,**,0.03886543956734512,0.024213998097335265,1000,asymmetry_results.csv
Model 1: Asymmetry (No Beat Dummy),CAR_0_1,Sector_Information Technology,-0.011607217614789314,0.007371664794855529,-1.5745720861981753,0.11535525021280103,,0.03886543956734512,0.024213998097335265,1000,asymmetry_results.csv
Model 1: Asymmetry (No Beat Dummy),CAR_0_1,Sector_Materials,-0.02085805530430386,0.00619579029938439,-3.366488260000714,0.0007613182274385264,***,0.03886543956734512,0.024213998097335265,1000,asymmetry_results.csv
Model 1: Asymmetry (No Beat Dummy),CAR_0_1,Sector_Real Estate,0.009678931505832565,0.007050064927225573,1.3728854422964207,0.16978796293032516,,0.03886543956734512,0.024213998097335265,1000,asymmetry_results.csv
Model 1: Asymmetry (No Beat Dummy),CAR_0_1,Sector_Utilities,-0.0034169127823375344,0.00589636573951809,-0.5794947147591287,0.562255411815926,,0.03886543956734512,0.024213998097335265,1000,asymmetry_results.csv
Model 2: Asymmetry (With Beat Dummy),CAR_0_1,const,0.004429538312337257,0.007907703632106751,0.5601548209713507,0.5753738401956386,,0.05622395122447699,0.04086238786699148,1000,asymmetry_results.csv
Model 2: Asymmetry (With Beat Dummy),CAR_0_1,Z_Guidance_Surprise,0.006261844448954742,0.004176686975669862,1.499237190967719,0.13381210999037724,,0.05622395122447699,0.04086238786699148,1000,asymmetry_results.csv
Model 2: Asymmetry (With Beat Dummy),CAR_0_1,Z_Disagreement_Gap,0.002857950486620198,0.005752631570142412,0.4968074961472714,0.61932480854724,,0.05622395122447699,0.04086238786699148,1000,asymmetry_results.csv
Model 2: Asymmetry (With Beat Dummy),CAR_0_1,Negative_Gap_Dummy,-0.01249552369302909,0.005532248802513064,-2.258669871708031,0.02390392791983399,**,0.05622395122447699,0.04086238786699148,1000,asymmetry_results.csv
Model 2: Asymmetry (With Beat Dummy),CAR_0_1,Int_Gap_Neg,0.003924499913822065,0.006206142828026101,0.6323573308850634,0.5271534090159291,,0.05622395122447699,0.04086238786699148,1000,asymmetry_results.csv
Model 2: Asymmetry (With Beat Dummy),CAR_0_1,Beat_Dummy,0.024836071709924766,0.0051985132591707015,4.7775335892644755,1.7745841395054467e-06,***,0.05622395122447699,0.04086238786699148,1000,asymmetry_results.csv
Model 2: Asymmetry (With Beat Dummy),CAR_0_1,Std_Log_Market_Cap,-0.0015763636890564147,0.002095956657821687,-0.7520974649803678,0.45199244833046925,,0.05622395122447699,0.04086238786699148,1000,asymmetry_results.csv
Model 2: Asymmetry (With Beat Dummy),CAR_0_1,Sector_Consumer Discretionary,-0.02361096470342336,0.007619876203160573,-3.0986021391830487,0.0019443593573571225,***,0.05622395122447699,0.04086238786699148,1000,asymmetry_results.csv
Model 2: Asymmetry (With Beat Dummy),CAR_0_1,Sector_Consumer Staples,-0.015444860352944473,0.0076571430121959005,-2.0170526171895578,0.043690022623733255,**,0.05622395122447699,0.04086238786699148,1000,asymmetry_results.csv
Model 2: Asymmetry (With Beat Dummy),CAR_0_1,Sector_Energy,-0.016806713496590932,0.006018164468920053,-2.7926643719005675,0.005227590066035058,***,0.05622395122447699,0.04086238786699148,1000,asymmetry_results.csv
Model 2: Asymmetry (With Beat Dummy),CAR_0_1,Sector_Financials,-0.015894492869834888,0.005545474507960243,-2.866209707937375,0.004154189581720512,***,0.05622395122447699,0.04086238786699148,1000,asymmetry_results.csv
Model 2: Asymmetry (With Beat Dummy),CAR_0_1,Sector_Health Care,-0.02016776535609356,0.008502553942294488,-2.3719655873951577,0.017693738579472366,**,0.05622395122447699,0.04086238786699148,1000,asymmetry_results.csv
Model 2: Asymmetry (With Beat Dummy),CAR_0_1,Sector_Industrials,-0.014550951068683465,0.00702668310756783,-2.0708136180229757,0.03837621710797341,**,0.05622395122447699,0.04086238786699148,1000,asymmetry_results.csv
Model 2: Asymmetry (With Beat Dummy),CAR_0_1,Sector_Information Technology,-0.014326710626319837,0.007984755487162902,-1.794257901742001,0.07277201413909674,*,0.05622395122447699,0.04086238786699148,1000,asymmetry_results.csv
Model 2: Asymmetry (With Beat Dummy),CAR_0_1,Sector_Materials,-0.01950028864904408,0.006955330834335577,-2.803646456726294,0.005052827781166326,***,0.05622395122447699,0.04086238786699148,1000,asymmetry_results.csv
Model 2: Asymmetry (With Beat Dummy),CAR_0_1,Sector_Real Estate,0.010262524062586457,0.006990170810536393,1.4681363790306234,0.1420671815684704,,0.05622395122447699,0.04086238786699148,1000,asymmetry_results.csv
Model 2: Asymmetry (With Beat Dummy),CAR_0_1,Sector_Utilities,-0.00047367552935039664,0.007006250623245321,-0.06760756284949858,0.9460980348935433,,0.05622395122447699,0.04086238786699148,1000,asymmetry_results.csv
Model: BEATS Only,CAR_0_1,const,0.024523734299649668,0.009359813133958218,2.620109392000084,0.008790156509489687,***,0.02019138743068094,0.0038402809308077934,793,beat_miss_conditional_results.csv
Model: BEATS Only,CAR_0_1,Z_Guidance_Surprise,0.011652382617485474,0.0063673836051995345,1.830011090893011,0.06724828040685261,*,0.02019138743068094,0.0038402809308077934,793,beat_miss_conditional_results.csv
Model: BEATS Only,CAR_0_1,Z_Disagreement_Gap,0.016804660348789722,0.0066970380148539095,2.509267576429653,0.012098180269384766,**,0.02019138743068094,0.0038402809308077934,793,beat_miss_conditional_results.csv
Model: BEATS Only,CAR_0_1,Std_Log_Market_Cap,1.1676571020527813e-05,0.002611291926072822,0.004471568614731045,0.9964322163293344,,0.02019138743068094,0.0038402809308077934,793,beat_miss_conditional_results.csv
Model: BEATS Only,CAR_0_1,Sector_Consumer Discretionary,-0.028687049402069828,0.011832403947034208,-2.424448111345982,0.015331674136270939,**,0.02019138743068094,0.0038402809308077934,793,beat_miss_conditional_results.csv
Model: BEATS Only,CAR_0_1,Sector_Consumer Staples,-0.017661122317976053,0.011956781496216106,-1.4770799586464942,0.1396542050724882,,0.02019138743068094,0.0038402809308077934,793,beat_miss_conditional_results.csv
Model: BEATS Only,CAR_0_1,Sector_Energy,-0.019691803226171173,0.010205564755257935,-1.9295162686637113,0.05366680239725948,*,0.02019138743068094,0.0038402809308077934,793,beat_miss_conditional_results.csv
Model: BEATS Only,CAR_0_1,Sector_Financials,-0.021062419555596776,0.00957289432348698,-2.200214359822231,0.02779168995785451,**,0.02019138743068094,0.0038402809308077934,793,beat_miss_conditional_results.csv
Model: BEATS Only,CAR_0_1,Sector_Health Care,-0.024375317108152706,0.01190200600211586,-2.0480007407003007,0.040559926819838,**,0.02019138743068094,0.0038402809308077934,793,beat_miss_conditional_results.csv
Model: BEATS Only,CAR_0_1,Sector_Industrials,-0.015415041217319276,0.011468236052725985,-1.3441510225676896,0.17889955575240968,,0.02019138743068094,0.0038402809308077934,793,beat_miss_conditional_results.csv
Model: BEATS Only,CAR_0_1,Sector_Information Technology,-0.020008045036430715,0.011084152073264453,-1.8051038008303,0.07105844042359294,*,0.02019138743068094,0.0038402809308077934,793,beat_miss_conditional_results.csv
Model: BEATS Only,CAR_0_1,Sector_Materials,-0.018595986905993105,0.011488403998588203,-1.6186745267905225,0.10551731048730685,,0.02019138743068094,0.0038402809308077934,793,beat_miss_conditional_results.csv
Model: BEATS Only,CAR_0_1,Sector_Real Estate,0.004619054185418494,0.010771738187981671,0.4288123332381121,0.6680598027392515,,0.02019138743068094,0.0038402809308077934,793,beat_miss_conditional_results.csv
Model: BEATS Only,CAR_0_1,Sector_Utilities,-0.014923434457147973,0.012076826258695541,-1.2357083009621688,0.21656701087379282,,0.02019138743068094,0.0038402809308077934,793,beat_miss_conditional_results.csv
Model: MISSES Only,CAR_0_1,const,-0.026241658595195318,0.023281940677042784,-1.127125051953722,0.25968961273532554,,0.07326164746258879,0.009178676276491271,202,beat_miss_conditional_results.csv
Model: MISSES Only,CAR_0_1,Z_Guidance_Surprise,0.0035185501147126843,0.004627154380694034,0.7604133826598047,0.4470075263534736,,0.07326164746258879,0.009178676276491271,202,beat_miss_conditional_results.csv
Model: MISSES Only,CAR_0_1,Z_Disagreement_Gap,0.0020336789048697496,0.0048741763690630545,0.41723539545629457,0.6765062377852684,,0.07326164746258879,0.009178676276491271,202,beat_miss_conditional_results.csv
Model: MISSES Only,CAR_0_1,Std_Log_Market_Cap,-0.006032112170100681,0.00472028941585703,-1.277911508950447,0.20128062959114368,,0.07326164746258879,0.009178676276491271,202,beat_miss_conditional_results.csv
Model: MISSES Only,CAR_0_1,Sector_Consumer Discretionary,0.002288584768880414,0.025293228467919024,0.09048211349465207,0.9279041070088586,,0.07326164746258879,0.009178676276491271,202,beat_miss_conditional_results.csv
Model: MISSES Only,CAR_0_1,Sector_Consumer Staples,-0.008115420520408778,0.02796061052693547,-0.2902447538686932,0.7716290004071098,,0.07326164746258879,0.009178676276491271,202,beat_miss_conditional_results.csv
Model: MISSES Only,CAR_0_1,Sector_Energy,0.005677080324494867,0.02439720626263844,0.23269386926439495,0.8159991301749017,,0.07326164746258879,0.009178676276491271,202,beat_miss_conditional_results.csv
Model: MISSES Only,CAR_0_1,Sector_Financials,-0.0012825607712632103,0.025458303246563636,-0.05037887870380091,0.959820467362854,,0.07326164746258879,0.009178676276491271,202,beat_miss_conditional_results.csv
Model: MISSES Only,CAR_0_1,Sector_Health Care,-0.016865413992751207,0.026626782740526003,-0.6334003682345754,0.5264722246041017,,0.07326164746258879,0.009178676276491271,202,beat_miss_conditional_results.csv
Model: MISSES Only,CAR_0_1,Sector_Industrials,-0.0016122866231570736,0.024805505360806522,-0.06499712864969634,0.9481762864278998,,0.07326164746258879,0.009178676276491271,202,beat_miss_conditional_results.csv
Model: MISSES Only,CAR_0_1,Sector_Information Technology,0.0077976747143495865,0.03181220948007193,0.24511578547331872,0.8063667806531918,,0.07326164746258879,0.009178676276491271,202,beat_miss_conditional_results.csv
Model: MISSES Only,CAR_0_1,Sector_Materials,-0.0157684137046267,0.02516677834144432,-0.6265567046640802,0.5309498559543054,,0.07326164746258879,0.009178676276491271,202,beat_miss_conditional_results.csv
Model: MISSES Only,CAR_0_1,Sector_Real Estate,0.02721567662273049,0.02362975595219727,1.151754452216413,0.2494219894451455,,0.07326164746258879,0.009178676276491271,202,beat_miss_conditional_results.csv
Model: MISSES Only,CAR_0_1,Sector_Utilities,0.03627866518449214,0.022791106515197283,1.5917904275644208,0.11143180172127082,,0.07326164746258879,0.009178676276491271,202,beat_miss_conditional_results.csv
