Event_ID,CAR_2_10,CAR_2_30
45644,-0.031644000000000005,-0.057863
45631,0.067554,-0.006097000000000005
45621,0.053012000000000004,0.056826
45617,0.049516000000000004,0.04949299999999999
45607,0.080236,0.01846
45603,0.007498999999999993,-0.032782000000000006
45603,-0.012267999999999998,-0.059086000000000014
45603,0.121063,0.18294999999999997
45597,-0.046173000000000006,-0.16532100000000002
45596,0.028071,-0.018841999999999998
45596,-0.023696,-0.04555199999999998
45596,-0.014471999999999995,-0.022344999999999993
45596,-0.022612,-0.01921900000000001
45595,-0.011240000000000002,0.04069999999999999
45595,-0.050755999999999996,0.017327999999999996
45595,0.051739,0.021072000000000007
45594,0.09762000000000001,0.05008800000000001
45594,0.07176999999999999,0.10502199999999999
45589,-0.04108800000000001,0.015764
45589,0.031434,-0.007804000000000012
45588,0.020705,-0.015892
45587,0.04330200000000001,0.08886000000000002
45581,0.005540999999999998,0.109609
45580,0.0016640000000000032,0.032180999999999994
45576,-0.0021640000000000027,0.033531
45554,0.026218,-0.062501
45547,-0.028792999999999996,-0.01822
45526,0.00991,-0.08247099999999999
45525,-0.0015850000000000005,0.009470999999999997
45511,-0.04232299999999999,-0.021189000000000003
45511,-0.012257000000000004,0.06901900000000002
45511,-0.040358000000000005,0.005402000000000011
45511,0.03763700000000001,0.12659599999999996
45510,-0.01754,0.012786999999999991
45509,0.002401000000000002,0.06565900000000001
45506,-0.021502,-0.054336999999999996
45505,-0.00918,0.022626
45505,-0.028930000000000004,-0.008578
45505,-0.05830900000000001,0.007325999999999978
45504,-0.027326000000000007,-0.024940000000000007
45504,0.017130999999999993,0.04804099999999999
45503,-0.029747000000000006,0.00524599999999999
45503,0.007386,0.049808000000000005
45498,0.054014000000000006,0.025873000000000014
45498,0.020295999999999995,0.042567999999999995
45497,-0.011323,0.004706999999999994
45496,-0.03413700000000001,-0.05556200000000001
45490,0.021649999999999996,0.01723899999999999
45489,0.031535,-0.005254
45485,0.03273899999999999,0.01582599999999998
45463,0.013307,0.100544
45460,-0.038623,0.17603300000000002
45441,-0.022064,-0.061850999999999975
45435,0.0072239999999999995,-0.015029
45421,-0.062924,-0.143949
45420,-0.0005119999999999986,-0.051646
45414,0.002271,0.0032680000000000087
45414,-0.015284999999999998,-0.11936800000000002
45414,-0.046333,-0.029892999999999986
45414,-0.049887,-0.193342
45413,-0.028142000000000007,-0.07368999999999999
45413,-0.009279999999999997,-0.09141899999999999
45413,-0.014872000000000002,-0.117741
45413,0.096913,-0.006734000000000002
45412,0.014991999999999998,-0.03675499999999998
45412,-0.02525299999999999,-0.070355
45412,-0.06790500000000001,-0.116723
45408,-0.0021410000000000005,0.03213500000000001
45408,-0.024316000000000004,-0.09591800000000002
45407,0.005952,-0.085942
45407,-0.037685,-0.05329199999999998
45406,0.013253000000000006,-0.026893999999999987
45399,0.015264000000000007,0.013228999999999987
45398,0.041211000000000005,0.017574
45394,-0.02811199999999999,-0.041389999999999996
45364,0.07907499999999999,0.026673999999999996
45358,-0.004432999999999998,0.041477
45356,-0.023806,-0.09104299999999999
45350,0.015498000000000001,-0.097554
45349,0.055445,0.03493800000000001
45348,0.030129000000000003,0.04411599999999999
45345,0.013058000000000004,-0.02262200000000001
45344,0.040146,0.060772999999999994
45344,-0.010343000000000001,-0.00683999999999999
45337,0.075071,0.004246999999999996
45336,0.03623599999999999,0.037178
45336,0.007203999999999992,-0.09666300000000001
45330,-0.014503000000000004,0.013192999999999995
45329,0.02216099999999999,0.11867899999999998
45328,-0.000872000000000003,-0.07983800000000002
45327,-0.033017,-0.104233
45324,-0.021985,0.00938799999999999
45324,0.034686999999999996,0.039952999999999995
45323,0.005191999999999996,0.070934
45323,-0.02734600000000001,-0.01015400000000001
45322,-0.027116999999999995,-0.04814600000000001
45314,0.015530999999999993,0.08941199999999999
45310,-0.034376000000000004,-0.06150000000000003
45308,-0.019858000000000004,-0.04407899999999999
45303,-0.016826000000000004,-0.054370000000000016
45646,-0.065373,0.050494000000000025
45645,-0.027335000000000005,0.05169299999999999
45622,0.060836,0.0014780000000000001
45603,0.023032000000000004,0.03313100000000001
45602,0.066538,-0.02564899999999999
45602,0.111085,-0.076781
45600,-0.007543999999999999,-0.09760899999999999
45600,-0.019588000000000005,-0.13271999999999998
45597,0.032000999999999995,-0.032674999999999996
45596,0.055465,0.018743000000000003
45596,0.08491,0.064693
45596,-0.01724599999999999,-0.051347000000000004
45596,-0.061778,0.140685
45596,-0.005504,-0.03483600000000002
45595,-0.08396300000000001,-0.109899
45595,-0.06412500000000002,-0.14655700000000002
45595,-0.266309,-0.264472
45595,0.06716899999999999,0.01984899999999999
45594,-0.023238,-0.048724
45589,-0.0015939999999999982,0.019464000000000006
45589,-0.055664000000000005,-0.103091
45587,0.005896000000000002,0.01577900000000001
45581,-0.030475000000000006,-0.07227399999999999
45580,-0.03455,-0.03544499999999999
45576,0.002929000000000001,0.06757099999999999
45565,0.09267099999999998,0.271521
45554,-0.049581999999999994,-0.052437000000000004
45526,0.019581999999999995,-0.091747
45523,0.03648900000000001,0.06160200000000001
45512,-0.017271999999999996,0.038919999999999996
45509,-0.018942000000000004,-0.0028620000000000086
45506,-0.065977,-0.03012099999999998
45505,-0.024565000000000007,-0.100187
45505,-0.008356000000000006,0.089642
45505,-0.01736900000000001,0.060742
45505,0.11958900000000001,0.108341
45505,-0.05127200000000001,0.02185399999999999
45504,-0.0032140000000000033,-0.04206599999999999
45504,-0.016602,-0.006070000000000001
45504,-0.028474,-0.050703000000000005
45504,-0.239908,-0.05101099999999993
45504,0.035445,0.05179499999999999
45503,0.009951999999999997,0.04554399999999999
45502,0.007204000000000002,-0.020214000000000003
45498,0.005037000000000003,0.054481999999999996
45497,0.03890899999999999,0.079556
45497,-0.005275000000000009,0.01741899999999999
45490,0.05044599999999999,0.06770299999999997
45489,0.095694,0.07294600000000001
45485,0.073724,0.008549999999999988
45468,-0.06143200000000001,-0.20858100000000007
45463,-0.072737,-0.029623999999999987
45435,-0.032243,-0.038821
45418,0.034089,0.021375999999999992
45414,0.019783,-0.002377999999999998
45414,-0.032159,-0.10319500000000001
45414,-0.049449999999999994,0.020191
45414,-0.05447,-0.12346999999999998
45414,-0.025463,-0.041544000000000005
45413,0.018243000000000006,-0.038750999999999994
45413,-0.037564,-0.12356199999999999
45413,-0.026608000000000007,-0.21188
45413,0.0046300000000000004,0.008213999999999987
45413,-0.0063539999999999985,0.06975500000000001
45413,-0.039465000000000014,-0.23106
45412,-0.001988,0.05729500000000001
45412,0.001998999999999998,-0.021401
45407,0.038877,0.012920000000000006
45407,-0.025735,-0.078426
45407,0.143506,0.257712
45407,0.0008269999999999996,-0.03379799999999999
45405,-0.017336000000000004,-0.07473700000000001
45399,0.007646,0.010337999999999995
45398,0.0018959999999999984,-0.062299999999999994
45393,-0.012945,-0.091637
45378,-0.074902,-0.10350399999999998
45372,-0.048339,-0.07214399999999999
45348,-0.107065,-0.10931799999999997
45344,-0.006759000000000005,0.070855
45337,-0.0017689999999999971,-0.0010360000000000005
45336,-0.06077600000000001,-0.060814000000000014
45336,-0.057597999999999996,-0.04756600000000002
45336,0.152329,0.11266000000000005
45336,0.03627299999999999,0.09897
45335,0.03249,0.08010399999999998
45330,0.02694399999999999,0.0021759999999999974
45329,-0.010141000000000008,-0.128288
45328,0.028584999999999996,0.050041
45328,0.035713999999999996,0.03880099999999999
45327,-0.011678,-0.038043
45324,-0.034959000000000004,-0.0005050000000000106
45323,0.015130999999999999,0.06385500000000001
45323,0.003928000000000001,0.014191
45323,0.033052000000000005,0.06461799999999998
45323,-0.028427999999999995,0.021875000000000002
45321,-0.06008500000000001,-0.04893300000000001
45316,-0.045322999999999995,-0.192034
45315,-0.055798,-0.044934000000000016
45315,-0.016488000000000003,-0.01517300000000002
45309,-0.0007560000000000049,-0.005893000000000008
45314,-0.08075700000000001,-0.029397000000000013
45316,-0.05901400000000001,-0.04806600000000001
45321,-0.00013899999999999763,0.03374400000000001
45321,-0.025676000000000004,-0.021345000000000017
45342,0.018855999999999998,-0.05040300000000002
45405,-0.019897000000000005,-0.10703299999999999
45405,0.055597999999999995,0.09934200000000001
45405,0.028443999999999997,0.067606
45413,0.006991999999999998,-0.056574999999999986
45426,-0.059588,-0.045623
45496,0.002566999999999993,-0.0034870000000000057
45496,-0.015230000000000004,0.023207
45497,0.092366,0.075365
45503,-0.04186600000000001,-0.037059999999999996
45517,0.016934999999999995,0.066796
45587,0.013281999999999995,-0.064129
45588,-0.12363500000000001,-0.11897699999999997
45589,-0.052797000000000004,-0.12526299999999999
45594,-0.098943,-0.15134899999999998
45608,0.040218000000000004,-0.040768000000000006
45303,-0.005686,0.023124999999999993
45314,-0.023563,-0.039565
45314,0.039788,0.15701
45314,0.026320000000000003,-0.001731
45314,0.0029209999999999983,0.046425000000000015
45315,0.007903999999999994,-0.066504
45316,0.008984000000000002,-0.002110000000000006
45321,4.2000000000002105e-05,-0.019331
45321,0.013170999999999999,-0.06565000000000001
45323,-0.026151000000000004,-0.016254
45323,0.005546000000000002,-0.008374000000000003
45323,-0.024541999999999998,-0.10551700000000003
45324,0.012581999999999996,-0.011684000000000012
45324,0.017706,0.067904
45327,0.022546999999999998,-0.04634700000000001
45328,0.03261699999999999,0.021699999999999994
45335,0.004183999999999997,-0.01344700000000001
45342,0.016641,-0.016982000000000004
45343,0.11977499999999999,0.08580299999999999
45346,-0.024121000000000004,-0.012007000000000004
45394,0.049137999999999994,0.046556
45398,-0.0041289999999999955,-0.041506999999999995
45400,0.0004259999999999958,0.08640800000000001
45401,0.0005219999999999982,-0.029576
45405,0.036125,-0.032594000000000005
45405,0.08364,0.04014499999999997
45405,-0.017698,-0.055855
45406,0.04184299999999999,0.054596
45407,-0.007073000000000001,-0.0035329999999999867
45407,-0.03331800000000001,-0.033268000000000006
45408,-0.023737000000000005,-0.09650399999999999
45408,-0.035122,-0.09554
45412,-0.05998999999999999,0.03578100000000001
45412,-0.026548,-0.063872
45412,-0.058640000000000005,-0.146439
45412,-0.0005170000000000044,-0.034885000000000006
45414,0.002734000000000004,0.092714
45416,-0.004484999999999998,-0.051605
45428,0.02166300000000001,0.010301000000000005
45434,0.14272100000000001,0.16840900000000006
45485,0.041579,0.037869
45490,0.019822,0.050698999999999994
45491,-0.0033000000000000043,0.072927
45496,0.03643499999999999,0.009332999999999978
45496,0.06811099999999999,0.07812699999999999
45496,-0.050925000000000005,-0.115146
45496,-0.03233700000000001,0.013865999999999993
45496,0.050898,0.081633
45502,0.027758999999999992,0.08211399999999999
45503,0.05542199999999999,0.07090899999999999
45503,0.005054999999999997,0.005616999999999995
45504,0.056164,0.02810799999999999
45505,0.02044499999999999,0.055933999999999984
45505,-0.013069,-0.039116000000000005
45506,-0.051761,-0.09145
45506,-0.03236000000000001,-0.09329099999999999
45507,-0.008176000000000003,0.004300000000000009
45512,0.027670999999999998,-0.030878000000000006
45519,0.032458,0.04895200000000001
45532,0.021363,0.116292
45576,0.012487999999999992,0.10278799999999998
45580,-0.023897,-0.08455599999999999
45582,0.017266999999999998,0.121908
45583,-0.005156000000000001,0.024891000000000014
45587,-0.033322000000000004,-0.042772
45588,-0.075505,-0.10563700000000001
45588,0.093424,0.33181599999999994
45594,-0.005347000000000006,-0.025377000000000007
45594,0.011748999999999999,0.073372
45594,0.03881999999999999,0.033734
45595,-0.068305,-0.11148199999999997
45595,-0.002889000000000002,0.04346800000000001
45595,-0.026179,0.048205000000000026
45596,0.029033000000000003,0.086615
45596,-0.013642000000000001,0.05204699999999999
45597,0.01971699999999999,-0.082013
45597,-0.014084000000000001,-0.143594
45598,0.041697,-0.01991500000000001
45615,0.051952,0.03788999999999999
45616,-0.030155000000000015,0.019797000000000006
45645,-0.07370399999999999,-0.05167
45638,-0.038692000000000004,-0.024874
45637,-0.050639999999999984,-0.07193199999999998
45635,-0.039534000000000014,0.029383000000000003
45616,0.041385,0.13315300000000002
45615,0.006539999999999997,-0.061498000000000025
45610,-0.006829000000000004,-0.04104000000000001
45609,0.014621000000000006,0.023404999999999992
45602,-0.101892,-0.11323399999999997
45596,0.044092000000000006,-0.17503800000000005
45596,-0.014021,-0.015648
45596,0.015374999999999996,-0.11229999999999998
45596,-0.038181999999999994,-0.136458
45596,0.041143,-0.022946000000000008
45595,-0.106122,-0.20254700000000003
45595,-0.015367000000000004,-0.042801
45589,-0.015445000000000004,0.004626999999999999
45589,0.016774000000000004,0.04230900000000001
45588,-0.07192,-0.031192999999999995
45588,-0.016602000000000006,-0.11258199999999999
45587,0.008560999999999996,-0.054692
45581,-0.024440000000000007,-0.017692
45580,-0.0043550000000000064,0.08188799999999999
45576,0.046459,0.196011
45573,4.80000000000016e-05,-0.11824899999999999
45566,-0.030374999999999992,-0.12721999999999997
45561,0.0017150000000000012,-0.008104999999999994
45547,-0.060981999999999995,-0.13591299999999998
45544,0.02419899999999999,0.049333999999999996
45525,-0.020137000000000006,-0.07087
45524,0.030850999999999993,0.09845199999999998
45518,0.017861000000000002,0.048240000000000005
45511,-0.0017550000000000048,0.010241
45510,-0.016998,-0.008695999999999995
45510,-0.021955,0.008185999999999994
45505,-0.05937400000000001,-0.11317699999999997
45505,0.020283,-0.06689300000000001
45504,0.019001999999999995,-0.00978099999999998
45504,-0.006786999999999999,0.033484
45504,-0.057032,-0.11277600000000004
45503,0.025524,0.055632000000000015
45499,-0.025589000000000004,-0.012089000000000006
45498,0.010348999999999995,-0.010909000000000009
45497,0.025600999999999995,-0.0002649999999999996
45496,0.056985,-0.0026949999999999995
45496,0.05934199999999999,0.1086
45491,0.087872,0.08308799999999997
45489,-0.03595500000000001,-0.109846
45485,0.076783,-0.00873900000000002
45484,0.06690600000000001,0.06077699999999999
45470,-0.053866,0.008820000000000007
45456,0.05134999999999999,0.016067999999999978
45454,-0.025617,-0.010760999999999988
45442,0.014002000000000007,-0.01791299999999999
45434,-0.009913999999999989,-0.024811999999999987
45433,-0.016125999999999995,-0.07968800000000001
45427,-0.035276999999999996,-0.048086
45419,-0.049586,-0.08925499999999999
45414,-0.013954999999999999,-0.09208000000000002
45414,-0.04694600000000001,-0.162583
45413,0.030373000000000004,0.12565800000000002
45413,-0.010295999999999998,-0.063448
45407,-0.075686,-0.07784599999999998
45407,0.016295999999999998,-0.01586799999999999
45407,-0.023204,-0.03800499999999999
45407,-0.024762999999999986,-0.12591199999999997
45407,0.002959,-0.08961000000000001
45407,0.013912,0.03294
45406,0.05287700000000001,0.085149
45406,-0.024283000000000002,-0.04584299999999998
45405,-0.037731999999999995,-0.005512999999999984
45405,-0.019710999999999992,-0.07764199999999999
45399,0.007959,-0.07921700000000001
45398,0.04721800000000001,0.04688800000000002
45394,0.043441999999999995,0.01392400000000001
45372,-0.04920999999999999,0.002776000000000004
45365,-0.0010629999999999904,-0.026506000000000005
45362,-0.019937999999999997,-0.079441
45358,0.0005099999999999987,0.008093000000000003
45356,-0.04580700000000001,-0.03754300000000001
45349,-0.0026970000000000015,-0.024075000000000003
45336,-0.028064000000000006,-0.028177
45331,-0.024323000000000004,-0.020654000000000006
45330,-0.01196400000000001,-0.08377699999999999
45330,-0.002686000000000006,0.06708700000000001
45330,0.013653999999999994,-0.009055999999999998
45329,-0.04490200000000001,0.005497999999999999
45328,-0.033221,-0.11882
45327,-0.032502,0.04719199999999999
45324,0.025638000000000005,0.031494000000000015
45323,-0.005410000000000002,-0.01984500000000001
45322,0.068216,0.136324
45322,-0.010571000000000006,-0.010367000000000006
45322,-0.050454,-0.195284
45322,-0.026625999999999997,0.007637999999999994
45316,-0.04570199999999999,-0.031507
45316,-0.13486599999999999,-0.129031
45315,-0.012778000000000001,0.018886999999999998
45303,0.039701,0.10343400000000003
45303,0.011852000000000001,0.0017519999999999966
45629,-0.040790999999999994,-0.108906
45616,0.02912200000000001,0.0036689999999999987
45615,-0.014336,-0.035654000000000005
45603,0.017536000000000003,-0.10890999999999999
45603,0.031011000000000004,-0.025624000000000008
45602,0.007521,-0.23753
45596,-0.010572,-0.036818
45596,-0.046786999999999995,-0.10253999999999999
45595,-0.026552000000000006,-0.05162500000000002
45594,-0.062123,-0.173817
45594,-0.12322999999999999,-0.11002799999999999
45590,-0.062523,-0.068672
45588,-0.042138999999999996,0.035843
45587,-0.041214,-0.140907
45587,-0.035194,-0.05673299999999999
45587,-0.064194,-0.10746500000000002
45587,0.018213999999999998,-0.03332000000000001
45583,0.028842999999999994,0.07972399999999999
45583,-0.043047,-0.0022619999999999828
45582,-0.006331000000000006,0.010320999999999995
45581,-0.051236,-0.06608800000000002
45581,-0.007418000000000006,0.081769
45580,-0.008358000000000008,0.11162099999999997
45580,-0.014646000000000001,0.031846
45576,-0.009005,0.02490199999999999
45532,-0.015529000000000001,0.09111400000000003
45525,0.0031089999999999954,-0.058163000000000006
45524,0.056709999999999997,0.008575999999999993
45511,-0.04739699999999999,-0.06244999999999999
45510,-0.07581400000000002,-0.0504
45506,-0.040147,-0.013898000000000002
45505,0.004429000000000001,-0.08125499999999998
45504,0.021043000000000006,0.021891000000000015
45503,-0.002133999999999997,0.04460100000000002
45503,0.249184,0.258461
45503,0.026581,0.07489099999999999
45499,0.032995,0.05578800000000002
45498,0.03492100000000001,0.05044
45497,0.009798999999999995,0.04138800000000001
45496,0.08415500000000001,0.09508500000000002
45496,-0.09792300000000001,0.02769699999999999
45495,0.09120199999999999,0.101461
45492,-0.010101000000000013,0.04215899999999998
45492,-0.054766999999999996,-0.13099999999999998
45491,0.0025349999999999956,0.05245799999999999
45490,0.03192899999999999,0.026150000000000003
45489,-0.0024520000000000063,-0.043062000000000024
45489,0.03273699999999999,0.015964
45488,0.016015,0.019783
45488,0.057948999999999994,0.053114999999999996
45441,0.04626700000000001,0.08894999999999999
45435,0.013275000000000004,-0.10971799999999998
45434,0.04962600000000001,0.05651100000000001
45419,0.002837,-0.06767699999999999
45414,-0.04981,-0.152452
45414,-0.019183,-0.02519799999999999
45413,-0.027752999999999996,0.03372900000000001
45412,0.015842000000000005,0.032651
45412,-0.028578000000000006,-0.0037870000000000195
45412,0.011232000000000006,0.015412000000000007
45408,0.028559999999999995,-0.011329999999999993
45407,0.0075380000000000065,0.024605000000000005
45406,-0.021631,-0.05409799999999999
45405,-0.006708,-0.03573899999999999
45405,-0.001381999999999996,0.021197000000000008
45405,-0.018167,-0.042199000000000014
45404,-0.031073999999999997,0.0023650000000000077
45401,-0.032565,-0.037118
45401,-0.061043,-0.16910999999999998
45400,0.011040000000000003,0.03249700000000001
45399,-0.028503,-0.015721999999999993
45398,0.014797999999999997,0.037788
45398,0.0075519999999999945,-0.03532800000000001
45397,0.069922,0.09797099999999999
45394,-0.007654000000000004,-0.023249
45350,-0.024465000000000008,-0.048762000000000014
45350,-0.024912000000000004,-0.054118
45349,0.03175399999999999,-0.079152
45344,0.038241,0.17187100000000002
45342,-0.034847,-0.047941999999999985
45330,0.009265999999999993,0.00027399999999999213
45329,0.007917,-0.007793999999999999
45328,0.054874,0.06937399999999998
45323,-0.044096,0.02663399999999999
45321,0.002214000000000004,0.10117799999999999
45321,-0.006725,-0.07414200000000001
45321,-0.034352999999999995,-0.02468100000000001
45317,0.03624,0.052461999999999995
45317,-0.026105999999999997,0.00837699999999999
45315,-0.05614199999999999,-0.012204000000000005
45314,0.033964999999999995,-0.0004450000000000027
45314,-0.028802999999999995,-0.03795000000000001
45314,-0.021847000000000005,-0.082012
45314,0.012875000000000001,-0.034567000000000014
45310,-0.053055,-0.07394600000000004
45308,-0.010081999999999997,-0.010450000000000001
45307,0.008405999999999995,-0.03954000000000001
45307,-0.013033000000000003,-0.019599000000000016
45303,-0.036932,-0.05311
45303,-0.060727,-0.07455
45645,-0.013660000000000009,-0.10735899999999998
45645,-0.049638,0.065877
45638,0.099363,-0.052070999999999965
45617,-0.025675000000000003,-0.06358300000000001
45610,0.009281000000000001,-0.03264700000000001
45602,-0.089363,-0.045569999999999986
45600,0.062811,0.066295
45596,0.043959,0.010598999999999999
45596,-0.07321699999999999,-0.053528
45596,-0.058382,-0.11019100000000001
45595,0.016842999999999997,0.06268200000000002
45594,-0.032248,-0.07358
45594,0.034241,-0.011741999999999985
45594,0.016604,-0.009875000000000004
45593,0.062248,-0.003915999999999988
45593,-0.026507,-0.09014
45589,0.11979100000000001,0.12061300000000004
45589,0.025432999999999997,-0.03198900000000001
45589,0.0010989999999999923,-0.04540599999999999
45588,0.018560000000000004,0.11876500000000001
45588,-0.026004000000000003,0.0018720000000000212
45588,-0.014876000000000009,0.026580999999999994
45587,-0.016657000000000005,-0.153799
45587,-0.020598999999999996,-0.12914199999999998
45580,0.009930000000000001,0.064786
45561,0.028609,-0.004333000000000004
45554,0.030258,0.07302299999999999
45540,0.153776,0.215663
45519,-0.07777300000000001,-0.03631
45519,0.0034280000000000005,0.06753799999999999
45512,-0.012451999999999998,0.07329200000000001
45505,0.052228,0.11801499999999998
45505,0.04345199999999999,0.04096499999999999
45505,-0.05540900000000001,-0.035632000000000004
45504,-0.010091000000000008,0.027054
45504,0.046403999999999994,0.05278799999999998
45503,0.020984999999999997,0.105053
45503,-0.06063,-0.14721900000000002
45503,0.026185,0.005746999999999988
45502,0.060355,0.13206299999999999
45498,0.026081999999999998,0.050118
45498,-0.014241999999999994,-0.15128600000000003
45497,-0.027529,-0.011186000000000005
45497,-0.07843800000000001,-0.03714100000000001
45497,0.040152999999999994,0.052203
45496,0.054346000000000005,0.09317999999999999
45496,-0.053185,-0.02885200000000003
45496,-0.03714699999999999,-0.071789
45496,0.04674899999999999,-0.023703000000000016
45485,0.032553,-0.033979000000000016
45468,-0.038339,-0.010827000000000012
45463,-0.051121,0.07092100000000001
45455,-0.05832600000000002,-0.09128100000000003
45428,0.021141,0.086023
45428,-0.052592,-0.122417
45414,0.010464000000000001,0.019970000000000016
45414,0.012192999999999999,-0.013384999999999992
45413,-0.045959,-0.04787000000000001
45412,-0.05656900000000001,-0.023910999999999988
45412,0.015547000000000005,-0.025201999999999978
45411,0.012749000000000003,0.02200100000000001
45408,-0.059079000000000007,-0.13021
45407,-0.048419,-0.089091
45407,-0.035549,-0.058979999999999984
45407,-0.01830099999999999,0.04754100000000002
45407,-0.006742999999999999,-0.105277
45407,-0.029946999999999994,-0.052397999999999986
45407,-0.06389,-0.107957
45406,-0.019422999999999996,-0.06612900000000002
45406,-0.084517,-0.122016
45406,0.003917000000000006,0.038467999999999995
45405,0.013182000000000004,0.030203999999999998
45405,0.043273000000000006,-0.0013039999999999996
45405,-0.029668,0.012551000000000007
45394,0.061429,0.044660000000000005
45372,-0.03241500000000001,-0.06615200000000002
45372,-0.007572000000000004,-0.080937
45358,0.013038999999999995,-0.04210099999999999
45344,-0.019466,0.007306999999999999
45337,0.03169199999999999,0.004613999999999983
45337,-0.020687000000000004,0.019793999999999996
45337,-0.0067070000000000055,0.07033
45335,-0.02420700000000001,-0.049539
45335,0.04424399999999999,0.026940999999999996
45328,-0.024344000000000008,-0.010196000000000018
45328,-0.014429000000000006,-0.04227100000000002
45323,-0.014133,-0.06681200000000001
45323,0.005953999999999996,0.06846799999999999
45322,-0.022095000000000004,0.01672799999999998
45321,-0.015092999999999995,-0.005585000000000007
45321,-0.009632000000000002,-0.003774000000000003
45321,-0.015256999999999998,-0.0028389999999999995
45316,-0.046216999999999994,-0.054033000000000005
45316,-0.029842999999999995,-0.033663
45316,0.012730000000000007,0.00013099999999999917
45316,0.014187000000000005,0.042773000000000005
45315,0.010339000000000004,-0.048532000000000006
45315,-0.025205,-0.03970800000000001
45315,-0.011708,-0.060819999999999985
45303,0.008954999999999994,0.018189999999999994
45644,0.021821,0.03290499999999995
45617,-0.010172999999999996,-0.028234000000000002
45616,-0.006240999999999999,-0.10284499999999999
45608,-0.031106,-0.06219699999999999
45603,-0.0016380000000000006,0.010775000000000007
45601,0.024361,-0.12278399999999998
45600,-0.085868,-0.10674399999999999
45597,0.018277,0.004047000000000007
45597,0.011705000000000004,-0.04509999999999999
45596,0.0,0.0
45595,-0.06816199999999999,-0.114309
45594,0.054651,0.120035
45594,-0.076858,-0.14642800000000003
45593,-0.008610000000000001,-0.045904
45590,0.004366999999999995,-0.047983
45589,-0.025955000000000006,-0.13551
45588,-0.12143400000000001,-0.217441
45588,0.0039039999999999925,-0.13291999999999998
45588,-0.058457,0.023346999999999986
45588,-0.005246000000000006,0.01636099999999999
45587,-0.011232000000000006,0.001479000000000008
45587,0.045093,0.031552000000000004
45587,-0.012956000000000006,-0.050683000000000006
45582,-0.03188600000000001,-0.08472300000000003
45580,-0.00887300000000001,0.09320499999999998
45560,-0.083227,-0.004645000000000024
45526,0.032694999999999995,-0.035278000000000004
45523,-0.023112000000000004,-0.12909400000000001
45511,-0.09943899999999999,-0.18580100000000002
45510,-0.035715,0.0024090000000000014
45510,-0.060355000000000006,-0.09979500000000001
45509,-0.040267000000000004,-0.005896000000000013
45505,-0.083463,-0.07050700000000001
45505,-0.060255,-0.006289000000000001
45505,0.04644699999999999,0.011937999999999985
45503,0.044346,0.07705400000000001
45499,-0.013227999999999997,-0.150892
45499,0.05453599999999999,0.09085299999999998
45498,0.009373999999999999,0.024445000000000005
45498,0.04768699999999999,0.080011
45497,0.061746,0.020084999999999985
45497,0.09265000000000001,0.029186999999999977
45497,0.053647,0.113854
45497,0.023902,-6.200000000000129e-05
45497,0.06517799999999999,0.07467599999999999
45497,0.030656999999999997,0.070237
45496,0.07077799999999998,0.07177399999999999
45496,0.024783999999999997,0.035477999999999996
45490,0.056584999999999996,0.07713899999999999
45489,0.039862999999999996,-0.010470000000000004
45469,-0.03029399999999999,-0.31284500000000004
45435,-0.062389999999999994,0.021886000000000013
45432,-0.063947,0.05475300000000002
45420,-0.047968,-0.030309999999999983
45419,-0.031563999999999995,-0.07028300000000003
45418,-0.034372,-0.051036
45418,0.05989900000000001,0.074147
45414,0.008558000000000001,-0.098865
45414,-0.021823000000000002,0.020815999999999998
45412,-0.027663,-0.14530200000000001
45412,-0.069827,-0.13037900000000002
45408,0.039846000000000006,0.016052000000000004
45408,0.023704000000000003,-0.024575
45407,-0.018746999999999993,-0.09483399999999999
45407,-0.037099999999999994,-0.13188899999999998
45406,-0.040177,-0.10795300000000001
45406,-0.004614999999999996,-0.02733199999999999
45406,-0.057211,-0.12102399999999998
45406,-0.0005090000000000034,-0.014406999999999996
45406,-0.030906000000000003,-0.112585
45406,-0.03494,-0.021702999999999993
45405,0.025714,-0.03815299999999999
45405,-0.036310999999999996,-0.06221899999999997
45400,-0.03068,-0.046121999999999996
45398,0.037704,-0.021653999999999996
45371,0.145405,0.067326
45344,-0.028958,-0.05853900000000001
45344,0.07705499999999998,0.22859699999999994
45343,0.024636,0.030399
45342,0.09130700000000001,-0.009932999999999985
45336,-0.005445000000000005,0.03685499999999999
45336,0.029527,-0.019403
45335,0.024345000000000012,0.07165100000000005
45335,0.025437999999999992,0.024693999999999994
45328,-0.035456,0.035768999999999995
45327,0.005685999999999998,-0.047689
45327,0.033311999999999994,0.039848999999999996
45324,-0.046909999999999986,-0.061392000000000016
45324,-0.0011750000000000007,-0.01798400000000001
45324,0.035133,0.032467
45322,-0.0024389999999999993,-0.019176000000000006
45321,-0.066583,-0.116801
45321,0.0038240000000000045,0.07347899999999999
45317,0.055566000000000004,0.049623
45316,0.011838000000000005,0.075564
45316,0.007784999999999999,0.0034809999999999997
45315,-0.008649999999999994,-0.02821600000000001
45315,-0.015868999999999998,-0.0008830000000000018
45315,0.014951,-0.008028
45307,-0.0023150000000000054,-0.088144
45644,-0.01545800000000001,-0.10093799999999997
45630,-0.007028000000000004,0.033242999999999995
45622,-0.010008999999999995,0.012554000000000008
45603,0.057201999999999996,-0.049056999999999996
45602,0.045864,-0.020059000000000014
45602,0.023756999999999997,-0.027804000000000006
45601,-0.05173699999999999,-0.233715
45600,-0.054717,-0.117641
45600,-0.012540999999999993,-0.07165899999999999
45596,0.06223400000000001,0.006619000000000003
45596,-0.026591000000000004,-0.050142
45596,-0.012070999999999991,-0.161954
45595,-0.003667000000000009,-0.015203000000000015
45595,-0.21943399999999996,-0.21353499999999997
45595,0.011981000000000004,-0.011734000000000001
45594,-0.04644999999999999,-0.07589299999999999
45594,-0.070949,-0.13733299999999998
45594,0.10563600000000001,0.12303700000000005
45590,-0.03525199999999999,-0.151463
45588,-0.015958,-0.05471600000000003
45588,0.026836,0.037639
45582,-0.0016550000000000037,0.007883999999999995
45581,0.018839999999999996,0.07773199999999998
45581,-0.020738000000000006,0.04456499999999998
45568,-0.042881999999999997,-0.04871800000000001
45553,-0.020952,-0.10291700000000001
45525,-0.125883,-0.120201
45525,0.006268000000000013,0.007200000000000019
45512,-0.011989000000000003,0.027361999999999994
45511,-0.0018229999999999982,0.022882999999999997
45510,-0.053472,-0.13291500000000003
45510,-0.030601,-0.009125000000000005
45510,-0.080482,-0.017774000000000012
45509,-0.06232699999999999,-0.037951
45509,-0.075485,-0.064855
45505,-0.0005690000000000035,0.019879999999999995
45505,-0.065883,-0.045222
45505,-0.03850800000000001,0.029637000000000007
45504,0.021715999999999985,-0.12010499999999998
45504,-0.053317,-0.128778
45503,-0.020053,-0.009453
45503,0.06127300000000001,0.07087500000000001
45503,0.02495799999999999,0.05033499999999999
45498,0.053745,0.05083
45498,0.047763,0.036867000000000004
45496,0.060417000000000005,0.11758500000000001
45491,0.04940499999999999,0.03227000000000001
45491,0.042074999999999994,0.05852999999999999
45490,0.014108999999999993,0.029088999999999997
45476,-0.038042,-0.046614
45469,-0.017934999999999996,0.11927099999999999
45434,-0.03625099999999999,-0.005937999999999999
45434,0.0002670000000000051,-0.05739599999999999
45419,0.015051000000000002,-0.051128
45418,-0.024755,-0.087481
45414,0.016430000000000004,-0.016637999999999993
45414,-0.023566,-0.11608099999999999
45414,0.006286999999999996,-0.037509
45414,-0.039896,-0.07866799999999999
45413,-0.060501,-0.165185
45412,-0.016292,-0.08874699999999998
45412,-0.014816,-0.007000999999999988
45412,-0.005941999999999999,-0.070903
45412,0.0008439999999999941,0.098416
45408,-0.025910999999999997,0.006567000000000009
45408,0.027459000000000004,0.04552100000000002
45407,-0.038055000000000005,-0.14403699999999997
45407,-0.013354000000000006,0.04875799999999998
45406,-0.012561000000000001,0.010654999999999994
45406,-0.04491,-0.07190099999999998
45400,-0.034844999999999994,-0.036732
45400,0.006306000000000001,-0.015487999999999988
45399,-0.036418,-0.076413
45399,0.03887200000000001,-0.045595
45393,0.012489999999999998,-0.092162
45371,0.041635000000000005,0.07018200000000001
45349,0.035117999999999996,0.20441199999999998
45349,-0.016745000000000003,-0.01651099999999999
45348,-0.012397,-0.014617999999999999
45343,-0.010727999999999998,-0.032780999999999984
45343,0.00038100000000000026,-0.005828999999999995
45342,-0.023444,-0.03522800000000001
45335,0.022032999999999997,0.01812399999999999
45335,0.06952100000000001,-0.13554999999999998
45330,0.007930999999999992,-0.03378000000000002
45329,0.022264999999999993,0.03049999999999999
45327,0.041179999999999994,0.05915099999999998
45324,0.022182,-0.0015330000000000074
45324,0.04638199999999999,0.054449
45323,-0.011921999999999999,0.007789999999999995
45323,0.010302999999999998,0.017193999999999994
45323,-0.06103199999999999,0.014192999999999996
45322,-0.010278999999999995,0.014378999999999992
45321,-0.022928999999999998,-0.010932000000000011
45316,-0.0025810000000000017,0.012585999999999986
45315,-0.039754000000000005,0.09018299999999999
45315,0.034588,0.028815
45314,0.012093,0.04256299999999999
45308,0.022189999999999994,-0.01847099999999999
45296,-0.011834000000000004,-0.059703000000000006
45645,-0.017703000000000003,0.053760000000000016
45622,-0.059312000000000004,-0.088317
45603,0.03138700000000001,0.06911
45603,0.09486599999999999,-0.09973500000000002
45602,0.031272,-0.029681999999999986
45601,-0.014856999999999997,-0.008600999999999984
45601,0.026865,-0.022518999999999994
45597,-0.026934999999999994,-0.124082
45596,-0.066835,-0.102067
45595,0.00551599999999999,0.009886000000000006
45595,-0.028451999999999984,-0.082715
45595,0.025854,0.05142600000000001
45595,-0.08049400000000001,-0.08369999999999997
45595,-0.088906,-0.10574800000000001
45594,0.058937,0.049194000000000015
45594,0.010416999999999992,0.03313
45589,-0.09203299999999999,0.013219000000000005
45589,-0.03107800000000002,-0.006771000000000013
45589,-0.044594,-0.19928
45587,0.049964999999999996,0.102215
45587,0.004419999999999997,-0.07469500000000001
45587,-0.007495999999999995,-0.021911999999999987
45582,0.013824000000000001,0.07672400000000001
45581,-0.039306999999999995,-0.083568
45580,-0.0009530000000000012,0.10773200000000001
45560,0.002172000000000002,0.015829
45533,-0.004075999999999993,0.07880199999999998
45511,-0.036501000000000006,-0.141384
45511,-0.056713,-0.05566999999999999
45510,0.0032559999999999967,-0.013168
45510,-0.071101,-0.118802
45505,-0.05104500000000001,-0.0048850000000000005
45504,-0.054267,-0.022033000000000004
45504,-0.010501000000000005,0.093477
45504,-0.027929999999999993,-0.02315999999999998
45503,0.08333,0.187814
45503,-0.012084999999999999,-0.055726000000000005
45503,-0.0018759999999999992,-0.014082000000000004
45499,0.013123,0.027804999999999996
45498,-0.033629000000000006,-0.08773600000000001
45498,0.143187,0.08996399999999999
45498,0.008778999999999997,0.03487399999999999
45498,0.022306,-0.020905000000000003
45497,-0.04115399999999998,-0.043071000000000026
45496,0.04480899999999999,0.03022199999999998
45495,0.048050999999999996,0.04709299999999999
45495,-0.000961000000000007,0.018267999999999993
45492,-0.006377000000000001,-0.08536600000000003
45491,-0.0069670000000000044,-0.005709000000000013
45491,0.014587,0.036173
45489,0.04623200000000001,-0.0006230000000000003
45442,-0.05956499999999999,-0.072889
45420,-0.021713999999999997,-0.10680999999999999
45419,-0.009904999999999999,0.05058000000000001
45419,0.002108000000000005,0.04352600000000001
45415,0.032948,-0.04217700000000001
45414,0.006500000000000002,-0.025625
45414,0.002901999999999999,-0.06559200000000001
45414,0.017917000000000006,-0.10699399999999999
45413,0.0001779999999999976,-0.086377
45413,0.011965999999999997,0.018346000000000008
45413,-0.023924,-0.044974
45413,-0.071661,-0.17986099999999997
45412,0.028356,-0.007968999999999999
45412,-0.006669000000000004,-0.10468899999999998
45412,-0.028347,-0.042516999999999985
45407,-0.014361999999999998,0.04304400000000001
45407,0.007830000000000004,-0.11521699999999997
45407,0.014607,-0.06348500000000001
45405,-0.03227599999999999,-0.07489999999999998
45405,-0.062034000000000006,-0.19249000000000005
45405,0.018846,-0.022637999999999995
45404,-0.006517,-0.08749299999999999
45400,-0.009244999999999995,-0.05273199999999999
45397,0.007233999999999997,-0.07600199999999999
45378,-0.013022000000000006,0.019960999999999996
45351,-0.157977,-0.043124000000000016
45349,0.04606199999999999,0.07871099999999998
45344,0.0065979999999999945,0.010180000000000003
45342,-0.051598000000000005,-0.06314200000000002
45337,-0.027776000000000002,-0.027061999999999996
45336,0.010440999999999999,0.0023930000000000028
45336,-0.004643999999999999,0.020316999999999998
45330,-0.04866300000000001,0.065176
45329,0.013552999999999992,0.029823999999999986
45329,0.038236999999999986,0.0015899999999999916
45329,0.01425099999999999,0.05019099999999999
45328,-0.065228,-0.07321399999999999
45322,0.033253000000000005,0.05287699999999998
45321,-0.011788999999999994,-0.067908
45321,-0.04470600000000001,-0.071132
45321,-0.046079,0.025609000000000007
45316,0.009721,0.11307199999999995
45316,-0.025391999999999998,0.011227999999999997
45314,-0.03880099999999999,-0.02322800000000001
45314,-0.07324,-0.08437099999999999
45314,-0.011448000000000003,-0.039816000000000004
45309,-0.013120000000000003,-0.06958299999999999
45309,-0.039486,-0.10606500000000002
45308,-0.010308999999999999,0.002217999999999991
45636,-0.011009000000000001,0.020021
45622,-0.008003,-0.023738000000000002
45614,-0.009674999999999996,-0.036312
45603,0.03491,0.07929399999999998
45603,0.013066000000000003,-0.0029809999999999733
45603,0.037548000000000005,-0.02733300000000001
45603,-0.019583,-0.0028030000000000086
45600,-0.019772999999999992,-0.10445800000000001
45600,-0.038443,-0.064027
45600,0.02204799999999999,-0.130337
45600,0.022434999999999997,0.074937
45595,0.008442999999999999,-0.02349000000000001
45595,-0.02345600000000002,-0.062156
45595,0.011334000000000002,-0.011594000000000004
45595,0.00446,-0.05825200000000001
45595,0.004332999999999995,-0.04109499999999999
45595,-0.096439,-0.172607
45595,0.073383,0.0058390000000000004
45595,-0.02627800000000001,-0.055429000000000006
45593,0.028976,0.03372399999999999
45589,-0.08046,-0.015487999999999991
45589,-0.008881,-0.047865
45588,0.009322000000000004,-0.01537299999999998
45588,-0.050863,-0.013398999999999993
45586,0.0018079999999999945,0.04041699999999995
45559,-0.006769000000000001,-0.025692
45532,-0.061252,0.012035
45511,-0.026400000000000003,-0.032062999999999994
45510,-0.053735,-0.03884900000000001
45510,-0.05473100000000001,-0.06241299999999998
45509,-0.024631999999999987,-0.11305899999999999
45505,-0.006735000000000003,0.012900999999999985
45505,-0.056451,-0.102873
45505,-0.049475,-0.03691800000000001
45505,-0.070332,-0.081631
45504,0.019185999999999995,0.025352999999999987
45504,0.0034539999999999987,-0.007859999999999994
45504,0.0047519999999999975,0.03581100000000001
45504,-0.009281999999999997,-0.127121
45503,-0.045127999999999995,-0.04934499999999999
45502,0.03469800000000001,0.086918
45498,-0.00888000000000001,0.04961
45498,0.03027,0.115508
45497,0.05190800000000001,0.018579999999999996
45497,0.06099200000000001,0.08341500000000002
45497,0.020307,0.0019909999999999945
45497,0.030522999999999995,-0.024288999999999998
45495,-0.00034700000000000356,-0.10469300000000002
45495,-0.035282999999999995,-0.08877000000000002
45495,-0.06389400000000002,-0.08519800000000002
45441,-0.081215,-0.10401299999999995
45433,-0.007795999999999996,-0.031959999999999995
45420,-0.027817,-0.014659000000000004
45419,-0.033291,-0.09784899999999999
45415,0.03535300000000001,-0.11883799999999999
45414,-0.049545000000000006,-0.10189499999999997
45414,-0.02512,-0.058518999999999995
45413,-0.039444,-0.09242399999999999
45413,-0.0649,-0.11640099999999999
45413,-0.007610000000000002,-0.027866999999999996
45412,0.012232,-0.04334499999999999
45412,-0.024715000000000008,-0.079355
45412,0.010424000000000003,-0.033299
45411,-0.006439000000000004,0.016776999999999997
45407,-0.010873,-0.027365999999999998
45407,0.057291999999999996,-0.007172999999999996
45407,0.027290000000000005,0.009674999999999996
45406,-0.060002,-0.12992900000000002
45406,0.05546800000000001,0.07999600000000001
45406,0.013605,0.074513
45406,-0.011306,0.011490000000000002
45405,0.009056000000000002,-0.03788799999999999
45404,-0.04167000000000001,-0.122017
45404,-0.009122000000000002,-0.024009
45399,-0.030711000000000002,-0.08068799999999998
45363,0.051858,0.07321200000000003
45350,0.07839399999999999,0.021505999999999973
45349,-0.0053960000000000015,-0.014017000000000002
45344,-0.03910400000000001,-0.03469800000000001
45342,-0.000732,0.09377900000000002
45338,0.033982,0.013085999999999993
45335,0.01364699999999999,-0.0019889999999999977
45335,-0.009809000000000005,-0.06845699999999999
45334,-0.004989000000000011,0.024697999999999973
45330,-0.014381000000000007,-0.020549
45329,0.01407799999999999,0.08087899999999999
45329,-0.028376000000000005,-0.040992999999999995
45329,0.018928999999999994,0.020036999999999985
45328,0.0010849999999999966,0.021091
45328,0.002400999999999997,0.027666000000000003
45328,0.0025590000000000005,0.040368999999999995
45327,0.032388999999999994,0.015923
45323,-0.0032330000000000032,-0.03120400000000001
45322,0.015626,0.04825799999999999
45322,0.04434499999999999,0.019092999999999978
45322,-0.005728999999999998,0.048146
45321,-0.056704,-0.013554
45320,-0.034613,-0.082543
45316,-0.0024990000000000047,-0.10886000000000003
45315,0.03487900000000001,-0.01975700000000001
